# 0.01
idx	x	y	z	r_solid	r_surf
0	54	346	46	0.381298	0.381298
1	55	345	45	0.934324	0.934324
2	55	344	45	0.371664	0.371664
3	56	343	44	0.589573	0.589573
4	56	342	44	0.386431	0.386431
5	57	341	43	0.55475	0.55475
6	57	340	42	0.637081	0.637081
7	58	340	41	1.56525	1.56525
8	59	341	42	0.697359	0.690502
9	59	342	42	0.529036	0.492924
10	60	343	42	0.560198	0.492
11	61	344	42	1.10283	1.65707
12	62	344	41	0.977501	1.28534
13	62	344	41	0	0
14	63	343	41	0.923503	1.36017
15	64	342	41	0.779347	1.24576
16	65	341	41	1.23736	1.82686
17	66	341	41	1.30151	1.88292
18	67	340	41	1.41858	2.22634
19	68	339	40	1.77297	2.67358
20	69	339	40	1.48317	2.21506
21	70	338	39	1.74365	2.68949
22	71	338	38	1.3542	2.26414
23	72	338	37	1.12978	1.6009
24	73	338	37	1.19049	1.65284
25	74	337	36	0.941997	1.15004
26	75	336	36	0.949969	1.32397
27	76	335	36	0.573003	0.848768
28	76	334	36	0.666205	0.854247
29	76	333	36	1.43492	2.00572
30	77	332	35	1.39326	1.93572
31	78	332	35	0.674047	0.978208
32	79	331	34	0.654612	0.896622
33	79	330	34	0.98352	1.28176
34	80	329	34	0.80086	1.01549
35	80	328	34	2.5193	2.79766
36	81	327	34	2.2204	2.33577
37	82	326	33	2.16257	2.90047
38	83	326	33	0.766195	1.07781
39	84	325	32	0.708399	1.01921
40	85	324	32	1.09087	1.51231
41	85	323	32	0.700735	1.02539
42	85	322	32	1.73917	2.59487
43	86	321	32	1.20317	1.76374
44	87	320	32	1.05005	1.64465
45	88	319	32	1.06843	1.49891
46	89	319	31	1.06988	1.60205
47	90	319	31	1.04912	1.58429
48	91	319	30	1.06837	1.38797
49	92	319	30	0.943309	1.44553
50	93	320	29	0.926848	1.44946
51	94	321	29	1.09857	1.67916

# 1.01
idx	x	y	z	r_solid	r_surf
0	108	327	24	0.66584	0.887251
1	107	327	24	0.656852	0.947405
2	106	327	24	0.835143	1.20048
3	105	326	25	0.710359	0.922665
4	104	326	25	1.21045	1.57103
5	103	325	25	0.825011	0.991006
6	102	325	25	0.486238	0.412
7	101	325	25	1.1346	1.21449
8	100	325	26	1.1205	1.36095
9	99	325	26	0.980433	1.64367
10	98	325	26	0.788629	1.06655
11	97	325	27	0.919779	1.31106
12	96	324	28	1.11337	1.61701
13	96	323	28	0.810498	1.42363
14	96	323	28	0	0
15	95	322	28	1.2693	1.96952

# 2.01
idx	x	y	z	r_solid	r_surf
0	95	321	28	0.672612	1.06677
1	96	320	28	0.737681	1.06677
2	97	319	28	0.86649	1.19618
3	98	319	28	0.900175	1.31459
4	99	318	27	0.674922	0.853713
5	100	318	27	0.787671	1.17402
6	101	317	27	0.724586	1.0871
7	102	317	27	0.925382	1.36116
8	103	317	26	0.792547	1.11519
9	104	317	26	0.993184	1.504
10	105	316	25	0.776278	1.1315
11	106	316	25	0.915438	1.27161
12	107	315	25	1.09664	1.70814
13	108	314	25	0.98917	1.41895
14	109	313	25	0.968052	1.36567
15	110	313	25	1.23218	2.06978
16	111	312	25	0.791002	1.07281
17	112	312	25	0.73454	1.10326
18	113	312	24	0.794113	1.04989
19	114	312	24	1.16887	1.47994
20	115	311	23	0.701096	0.940529
21	116	311	23	0.77416	1.01329
22	117	311	23	0.696459	1.19455
23	118	311	23	0.629944	0.938145

# 3.01
idx	x	y	z	r_solid	r_surf
0	109	328	24	0.453564	0.581834
1	109	329	24	0.349	0.349
2	109	330	24	0.618	0.618
3	109	331	24	0.351241	0.351241
4	109	332	24	0.764963	0.894703
5	109	333	24	1.17033	1.5711
6	109	334	24	1.15904	1.45155
7	109	335	24	1.25008	1.77908
8	109	336	24	1.18805	1.4399
9	109	337	24	1.13951	1.84772
10	109	338	24	0.952418	1.40211
11	110	339	24	0.753947	1.10377
12	111	340	24	0.395731	0.497328
13	111	341	24	0.509802	0.615227
14	111	342	23	0.553876	0.515241
15	110	343	22	0.643419	0.830524
16	110	344	22	0.433241	0.526861
17	110	345	22	0.648876	0.786986
18	110	346	21	0.460759	0.600328
19	110	347	21	0.472782	0.55402
20	111	348	21	0.574076	0.758569
21	111	349	21	0.681121	0.820983
22	111	350	21	0.614736	0.778231
23	111	351	21	0.655078	0.810375
24	112	352	21	0.779099	1.02813
25	113	353	21	0.942371	1.11709
26	114	353	21	0.456246	0.456246
27	115	354	21	0	0
28	115	355	21	0.331552	0.331552
29	115	356	20	0.440443	0.440443
30	115	357	20	1.02204	1.02204
31	115	358	20	1.77429	1.77584
32	116	359	20	1.2758	1.31623
33	117	360	20	0.573645	0.667751
34	118	361	19	0.274667	0.274667
35	119	361	19	0	0

# 4.01
idx	x	y	z	r_solid	r_surf
0	110	327	24	0.449248	0.540983
1	111	326	24	0	0
2	111	325	24	0.686573	0.686573
3	112	324	24	0	0
4	113	324	24	0.433241	0.433241
5	114	323	24	0.850667	0.850667
6	115	323	24	1.04996	1.04996
7	116	323	24	1.14016	1.15916
8	117	323	23	0.670282	0.669344
9	118	323	22	0.206	0.206
10	119	323	22	0.206	0.206
11	120	322	23	0.407545	0.406431
12	120	321	23	0.979633	1.29688
13	121	321	22	0.525319	0.497328
14	122	321	22	0.58034	0.744584
15	123	320	22	0.658063	0.869062

# 5.01
idx	x	y	z	r_solid	r_surf
0	119	312	23	0.633706	0.958629
1	120	311	24	0.539535	0.670783
2	120	310	24	0.568886	0.738693
3	121	309	24	0.547633	0.633814
4	122	308	24	0.328	0.328
5	123	308	24	0.320861	0.320861
6	124	308	24	0.246	0.246
7	125	307	23	0.366431	0.366431
8	125	307	23	0	0
9	126	306	23	0.301333	0.301333
10	127	305	23	0.246	0.246
11	128	304	23	0	0

# 6.01
idx	x	y	z	r_solid	r_surf
0	120	313	23	0.491673	0.702159
1	120	314	23	0.781493	0.781493
2	121	315	22	0.38162	0.38162
3	122	316	22	0.454664	0.454664
4	122	317	22	0.527796	0.60693
5	123	318	22	0.409682	0.492
6	124	319	22	0.529804	1.04441

# 7.01
idx	x	y	z	r_solid	r_surf
0	125	318	21	0.55641	0.518345
1	126	318	21	0.970359	1.13644
2	127	318	21	0.622393	0.911162

# 8.01
idx	x	y	z	r_solid	r_surf
0	127	315	21	0	0
1	127	316	21	0.548927	0.548927
2	127	317	21	0.519709	0.622982

# 9.01
idx	x	y	z	r_solid	r_surf
0	128	319	21	0.680085	1.13226
1	129	319	21	0.673414	0.987856
2	130	319	21	0.744601	1.04337
3	131	319	21	0.748957	1.07197
4	132	319	21	0.825716	1.32409
5	133	320	20	0.701768	1.04983
6	134	320	19	0.658819	0.901483
7	135	320	19	0.441635	0.641723
8	136	320	19	0.686925	1.02129
9	137	320	19	0.702255	1.06712
10	138	320	19	0.71262	0.925282
11	139	319	19	0.525872	0.723084
12	140	319	19	0.592565	0.822299
13	141	318	19	0.531921	0.702159
14	142	318	19	0.562636	0.783064
15	143	317	19	0.531921	0.702159
16	144	317	19	0.569606	0.945385
17	145	317	19	0.744423	1.07765
18	146	316	19	1.01184	1.46893
19	147	316	19	1.09634	1.98764
20	148	316	19	1.26409	1.86731
21	149	316	19	1.05207	1.60684
22	150	316	19	0.80813	1.02539
23	151	316	19	0.657799	0.751958
24	152	315	18	1.42618	1.99008
25	152	315	18	0	0
26	153	315	18	0.753726	1.04802
27	154	314	18	1.73875	2.53381
28	155	314	18	1.07678	1.28345
29	156	314	18	0.79986	1.10331
30	157	314	18	0.800108	1.22145
31	158	313	18	1.58392	2.35032
32	159	313	18	1.48372	2.28242
33	160	314	17	0.725211	1.05719
34	161	314	17	0.695126	0.959708
35	162	314	17	1.02441	1.43788
36	163	314	17	1.04389	1.39904
37	164	315	18	0.704427	0.949723
38	165	315	18	0.883732	1.11138
39	165	314	18	0.744065	1.06677
40	166	313	18	1.04882	1.54828
41	167	312	18	1.20739	1.63731
42	168	312	18	0.801383	1.28345
43	169	312	18	0.909573	1.34117
44	170	312	17	1.0168	1.58931
45	171	312	17	0.814592	1.13266
46	172	311	17	0.846439	1.29483
47	173	310	17	0.851105	1.23606
48	174	310	17	0.792249	1.21122
49	175	310	17	0.806481	1.22913
50	176	310	17	0.831464	1.30159
51	177	310	17	0.902443	1.35659
52	178	310	17	0.92405	1.5453
53	179	310	17	0.90664	1.43892
54	180	310	18	0.756494	1.05463
55	181	310	18	0.702771	0.902941
56	182	309	17	1.33893	1.85266
57	182	308	17	0.999525	1.4783
58	183	307	17	0.999514	1.43079
59	184	306	16	1.49218	1.82347
60	184	305	16	1.10231	1.6771
61	185	304	16	0.948034	1.36716
62	186	303	15	0.993235	1.39761
63	187	303	15	1.04571	1.85309
64	188	303	15	0.990867	1.50421
65	189	303	15	1.27196	1.71975
66	190	302	14	1.29675	1.89575
67	191	302	14	1.24137	1.99029
68	192	302	14	1.26112	2.32016
69	193	302	14	1.3495	2.20759
70	194	303	14	1.08458	1.70964

# 10.01
idx	x	y	z	r_solid	r_surf
0	194	304	15	0.921255	0
1	194	305	15	0.815581	0
2	194	306	15	1.4357	1.88195
3	195	307	16	1.4365	2.27793
4	196	308	16	1.39323	1.99522
5	197	308	16	0.993145	1.47093
6	198	309	16	1.19871	1.70599
7	199	309	16	1.122	1.75956
8	200	310	16	1.11469	1.67007
9	200	311	16	1.06338	1.57299
10	201	312	17	0.940749	1.26743
11	202	312	17	0.739056	1.06677
12	203	312	17	0.466646	0
13	204	311	17	0.910275	1.06779
14	204	312	17	0.966821	1.21638
15	204	313	17	0.301333	0
16	204	314	17	0.64738	0.741286
17	205	315	17	0.793738	0.865896
18	206	316	17	0.747456	0.747456
19	207	317	18	0.206	0.206
20	208	317	18	0.879534	0.964784
21	209	318	18	0.425676	0.582656
22	210	318	18	0.743719	1.33721
23	211	318	18	0.983289	1.49806
24	212	318	18	0.874542	1.30801
25	213	319	18	1.15473	1.64518
26	214	319	18	1.06727	1.52709
27	215	320	18	1.17201	1.7733
28	216	321	18	1.22072	1.7495
29	216	322	18	1.19166	1.71715
30	217	323	18	1.13706	1.74406
31	218	324	18	1.0436	1.40283
32	218	325	18	0.852656	1.48694
33	218	326	18	0.820055	1.14371
34	219	327	19	0.870048	1.22872
35	220	328	19	0.611909	0.861152
36	221	328	19	0.820635	1.20325
37	222	329	20	0.719392	1.07086
38	223	330	20	0.796201	1.16795
39	224	330	20	0.813251	1.11445
40	225	331	20	0.892708	1.29647
41	226	331	20	0.949375	1.39451
42	227	332	19	1.00698	1.46194
43	228	332	19	0.909004	1.24062
44	229	333	20	0.926036	1.41663
45	230	333	20	0.79157	1.31572
46	231	334	20	0.954977	1.33192
47	232	335	20	0.855504	1.23378
48	233	336	20	0.96925	1.39382
49	234	336	20	0.793495	1.28345
50	235	336	20	0.756678	1.00667
51	236	337	20	0.962893	1.34049
52	237	338	20	0.93319	1.27632
53	238	339	20	0.936302	1.29787
54	239	340	20	0.944525	1.4106
55	240	341	20	0.968973	1.34932
56	241	342	20	0.95507	1.39601
57	242	343	20	0.899315	1.19648
58	243	344	20	0.942259	1.39398
59	244	344	20	0.988996	1.38477
60	245	345	20	1.02891	1.47209
61	245	346	20	1.06125	1.56118
62	246	347	20	1.18816	1.74215
63	247	348	20	1.15914	1.78665
64	248	349	20	1.24183	1.84123
65	249	350	21	1.17178	1.82728
66	249	351	21	1.00004	2.02721

# 11.01
idx	x	y	z	r_solid	r_surf
0	195	302	14	1.47713	2.22372
1	196	303	14	0.840343	1.69043
2	197	303	14	1.07821	1.67337
3	198	302	13	1.05444	1.66672
4	199	302	13	1.01663	1.50855
5	200	301	13	1.10961	1.75686
6	201	300	13	1.1751	1.86586
7	201	299	13	1.58576	2.34348
8	202	298	13	1.43578	2.17103
9	202	298	13	0	0
10	203	297	13	1.33883	2.13821
11	204	296	13	1.2492	1.78674
12	205	296	13	1.26346	1.8617
13	206	296	12	1.24676	1.83704
14	207	296	12	1.1685	1.8312
15	208	296	11	1.08832	1.69405
16	209	296	11	0.940361	1.52883

# 12.01
idx	x	y	z	r_solid	r_surf
0	234	358	31	0	0
1	235	358	30	0.618	0.618
2	236	358	30	0.789929	0.789929
3	237	357	31	0.958155	0.995628
4	238	357	31	0.841845	1.21206
5	239	356	31	1.09571	1.46491
6	240	356	30	1.10513	1.70696
7	240	356	29	1.17966	2.30096
8	240	356	28	1.05491	1.52192
9	241	355	27	1.05523	1.69871
10	242	354	26	0.749594	0.995969
11	243	354	26	1.22004	1.98429
12	244	354	25	0.94224	1.26378
13	245	354	25	0.816235	0
14	246	354	25	1.47712	2.11483
15	247	354	24	1.39348	2.18965
16	247	354	24	0	0
17	248	353	23	1.31391	2.20337
18	249	352	22	0.901515	0

# 13.01
idx	x	y	z	r_solid	r_surf
0	250	353	21	1.24901	1.97049
1	251	353	21	1.09515	1.92517
2	252	353	21	1.14818	0
3	253	353	21	1.36587	2.03075
4	254	353	20	1.21308	1.89207
5	255	353	20	1.24271	1.79918
6	256	352	19	1.08991	1.51364
7	257	352	19	0.985174	1.92517
8	258	352	19	1.19282	1.80041
9	259	352	18	1.12658	1.6087
10	260	352	18	1.05449	1.57526
11	261	351	18	1.13595	1.61121
12	262	351	18	1.02261	1.486
13	263	351	17	0.966908	1.29021
14	264	351	16	1.11132	1.63606
15	265	351	16	1.00489	1.566
16	266	350	16	0.926434	1.34795
17	267	350	16	0.936502	1.36166
18	268	349	15	1.0154	1.4871
19	269	349	15	0.968864	1.41493
20	270	350	15	1.01761	1.49066
21	271	350	15	0.882256	1.51773
22	272	350	15	1.16566	1.64199
23	273	350	14	1.14639	1.84033
24	274	350	13	1.09269	1.82427
25	275	350	12	1.11797	1.62035
26	276	350	11	1.12158	1.68395
27	277	350	10	0.872347	1.35206
28	278	351	9	0.676714	1.00399
29	279	351	9	0.851539	1.30433
30	280	352	8	0.651921	0.923688
31	281	352	8	0.604138	0.945385
32	282	352	8	1.05403	1.52927
33	282	352	8	0	0
34	283	352	7	0.879822	1.54758
35	284	353	6	0.82846	1.20281
36	285	353	6	1.10041	2.33295
37	286	353	5	1.17074	1.89327
38	287	352	4	0.994109	1.36661
39	288	352	4	1.17308	1.75422
40	289	352	5	1.24308	2.09521
41	290	352	5	1.44679	2.07662
42	291	352	4	1.28476	1.9826
43	292	353	3	1.397	2.09538
44	293	354	2	1.55302	2.30036
45	294	355	1	1.50662	2.23712
46	295	356	0	1.90123	4.55526
47	296	357	0	3.48986	5.84222
48	297	358	0	6.26158	8.12309
49	297	359	0	1.55454	2.66048
50	297	360	0	1.5519	2.37154
51	296	361	1	1.53384	2.52024
52	296	362	1	1.39062	2.17407
53	295	363	1	1.57502	2.28726
54	295	364	1	1.16834	2.49426
55	295	365	1	1.32403	1.88367
56	294	366	1	1.10061	1.69037
57	293	367	1	0.99236	1.56484
58	292	368	2	1.51773	2.16529
59	292	369	2	1.23208	1.81715
60	291	370	2	1.11983	1.89387
61	290	371	2	1.25026	1.86153
62	289	372	3	1.39268	2.1159
63	288	373	4	1.58263	2.31393
64	288	374	4	1.27561	1.88205
65	287	375	5	1.73458	2.70341
66	287	376	5	1.53018	2.36478
67	287	377	6	1.4463	2.27293
68	288	378	7	1.5631	2.33186
69	288	379	7	1.49042	2.24018
70	289	380	8	1.79961	2.66428
71	289	381	8	1.34674	2.56689
72	289	382	8	1.56536	2.35422
73	289	382	8	0	0
74	290	383	9	1.76695	2.66009
75	290	384	9	1.31067	1.8932
76	291	385	9	1.31377	1.87127
77	291	386	9	1.33895	2.01864
78	292	387	10	1.18498	2.03461
79	292	388	11	1.69503	2.45426
80	292	389	11	1.09045	1.81965
81	292	390	11	1.05223	1.6345
82	292	391	11	1.24189	1.81996
83	292	392	12	1.38589	2.1506
84	292	393	13	1.56608	2.39331
85	292	394	14	1.82933	2.88303
86	292	394	15	1.71072	2.44811
87	291	395	16	1.45138	2.19483
88	291	395	16	0	0
89	290	396	17	1.19469	1.72876
90	290	397	17	1.47748	1.9693
91	289	398	18	0.782936	1.10406
92	289	399	18	0.836957	1.2833
93	289	400	18	1.10479	1.85878
94	289	401	18	1.31019	1.95388
95	289	402	18	1.65326	2.30998
96	288	403	19	1.12602	1.82362
97	287	404	20	1.26156	1.90156
98	287	404	20	0	0
99	287	405	20	1.02449	1.76593
100	288	406	21	1.176	1.77152
101	288	407	21	1.05867	1.55287
102	287	408	21	1.24672	1.72904
103	286	408	21	0.99635	0
104	285	408	21	1.03851	1.67528
105	284	409	21	1.14021	1.69886
106	283	409	21	1.02938	1.58022
107	282	410	22	1.09606	1.68033
108	281	411	23	1.05502	1.83166
109	280	411	24	1.27264	1.8193
110	279	412	25	1.18907	1.84906
111	278	413	25	1.25313	2.17083
112	277	414	25	1.51741	2.22928
113	277	415	25	0.863999	1.53242
114	277	416	25	1.09159	1.49566
115	276	417	26	1.11944	1.87959
116	276	418	26	0.677204	0
117	276	419	26	1.1824	1.74483

# 14.01
idx	x	y	z	r_solid	r_surf
0	210	295	11	1.12495	1.77603
1	211	296	11	1.16196	1.67641
2	212	296	11	0.930869	1.69043
3	213	296	11	0.893816	1.39788
4	214	296	11	0.780866	1.12971
5	215	296	11	0.684573	0.890477
6	216	296	11	0.246	0.246
7	217	295	10	0.642399	0.642399
8	218	294	11	0.443861	0.443861
9	219	293	11	0.529431	0.529431
10	220	292	11	0.246	0
11	221	291	10	0.603778	0.661929
12	222	290	10	0.677151	0.721267
13	223	289	10	0.678232	0.715356
14	224	288	10	0.652258	0.571783
15	224	287	10	2.94782	2.4159
16	225	286	9	1.96908	1.99972
17	226	285	9	1.8336	1.7644
18	227	285	9	0.756154	0.955396
19	227	284	9	0.814388	1.16681
20	228	283	9	0.914034	1.20775
21	228	282	9	2.2366	2.83348
22	229	281	9	1.75702	2.11379
23	230	280	8	1.88661	2.24098
24	231	279	7	1.73846	2.24146
25	232	278	7	1.60339	2.20471
26	233	278	7	0.630967	0.887918
27	234	277	7	0.839319	1.07421
28	235	276	7	0.765572	1.08153
29	236	275	6	0.68068	1.00852
30	236	274	6	0.666205	0.891854
31	236	273	6	0.99671	1.60718
32	235	272	6	0.901192	1.28078
33	234	271	6	1.85187	2.59954
34	234	270	6	1.55156	2.61917
35	234	269	6	1.31497	1.90161
36	234	268	6	1.3061	1.87129
37	235	267	5	0.955994	1.45492
38	235	266	5	1.32971	1.90985
39	236	265	5	1.38972	1.77097
40	236	264	5	0.962334	1.04253
41	237	263	4	1.02426	1.02426
42	237	262	4	1.0123	1.10433
43	237	261	4	0.88161	1.08392
44	237	260	4	0.789225	1.37686
45	236	259	5	0.766832	1.16755
46	236	258	4	0.501707	0.781491
47	236	257	4	1.19584	1.79317
48	237	257	3	0.929558	1.5726
49	238	257	3	0.881987	1.10669
50	239	256	4	1.03596	1.6792
51	240	255	4	1.31663	2.05834
52	241	254	4	1.20588	1.75181
53	242	253	4	1.13689	1.62455
54	243	252	4	0.987207	1.51989
55	244	251	4	0.987523	1.42558
56	245	250	3	1.13476	1.63633
57	246	250	3	0.900851	1.57986
58	247	250	3	1.04368	1.52516
59	248	249	3	1.05208	1.60585
60	248	248	3	1.15449	2.08176
61	249	247	3	1.00416	1.56043
62	250	246	3	1.48595	2.19806
63	250	245	3	1.0439	1.62989
64	249	244	3	1.10594	0
65	249	243	3	0.972267	1.66419
66	248	242	3	1.31687	1.9405
67	248	241	3	1.1054	1.62891
68	249	240	3	1.01877	1.96314
69	249	239	3	1.10248	1.82159
70	250	238	3	1.22309	1.72571
71	250	237	3	1.54498	2.85268
72	250	236	3	1.43895	2.6725
73	249	235	4	1.07839	1.5741
74	249	234	4	1.20847	1.72264
75	250	233	3	1.05523	1.73949
76	251	232	3	1.26075	1.7337
77	252	231	4	1.55467	2.09595

# 15.01
idx	x	y	z	r_solid	r_surf
0	211	294	11	1.30916	1.96213
1	212	293	10	1.05774	1.58985
2	213	292	10	1.35389	1.85741
3	213	292	10	0	0
4	214	291	9	1.73657	2.38996
5	215	291	9	0.664976	0.938861
6	216	291	9	0.466646	0.515241
7	217	290	9	1.30238	1.15616
8	218	290	9	0.320861	0.320861
9	219	289	9	0.328	0.328
10	219	288	9	2.23722	1.94983
11	220	287	8	2.32302	2.00699

# 16.01
idx	x	y	z	r_solid	r_surf
0	188	410	24	0.320861	0.320861
1	188	409	24	0	0
2	188	408	23	0.309	0.309
3	189	407	23	0.246	0.246
4	190	407	23	0.206	0.206
5	191	407	23	0.518954	0.540345
6	192	407	23	0.746271	1.08971
7	193	406	23	0.839336	1.17746
8	194	406	23	0.780774	1.139
9	195	406	23	0.936193	1.34711
10	196	405	23	0.833912	1.22655
11	197	404	23	0.860032	1.17762
12	198	404	23	0.816464	1.06169
13	198	405	23	0.713725	1.06677
14	198	406	23	0.718454	1.05932
15	199	407	23	0.944462	1.4401
16	200	408	23	1.16078	1.55589
17	201	408	23	0.841634	1.25594
18	202	408	23	0.799224	1.13849
19	203	408	23	0.726647	0.976542
20	204	408	23	0.591277	0.796123
21	205	408	23	0.377908	0.320861
22	206	407	22	0.558787	0.735181
23	207	407	22	0.466646	0.565834
24	208	407	22	0.554117	0.772861
25	209	407	22	0.595217	0.86181
26	210	407	22	0.62754	0.702159
27	211	406	22	0.779144	1.05766
28	212	406	22	0.820592	1.16553
29	213	406	22	0.985343	1.52468
30	214	406	22	1.01261	1.46511
31	215	406	22	0.962132	1.30688
32	216	406	22	1.0142	1.53806
33	217	405	22	1.09809	1.54827
34	218	405	22	0.915423	1.45916
35	219	405	22	0.821663	1.15716
36	220	405	22	0.970666	1.33168
37	221	406	22	1.09058	1.57546
38	221	407	22	0.714366	1.05186
39	222	408	22	0.716426	1.05346
40	223	408	22	0.602114	0.95016
41	224	408	22	0.739935	0.824
42	225	408	22	0.890879	0.824
43	226	408	22	1.03409	1.45783
44	227	408	22	1.01084	1.46667
45	228	408	22	0.920592	1.35321
46	229	408	22	0.807914	1.26158
47	230	409	22	0.561129	0.783064
48	231	409	22	0.657448	0.959708
49	232	409	22	0.762762	1.13785
50	233	409	22	0.925591	1.48222
51	234	410	22	0.659624	0.931605
52	235	410	22	0.805458	1.24949
53	236	410	22	0.93779	1.26062
54	237	410	22	0.936702	1.55044
55	238	410	22	0.983823	1.394
56	239	411	22	0.872441	1.22924
57	240	411	22	0.825425	1.33032
58	241	411	22	0.948832	1.37312
59	242	411	22	0.895919	1.25727
60	243	411	22	0.990888	1.33465
61	244	412	23	0.877584	1.17902
62	245	412	23	0.880813	1.39332
63	246	412	23	0.974659	1.71987
64	247	412	23	1.08499	1.58643
65	248	412	23	1.012	1.71987
66	249	412	23	0.932268	0
67	250	412	23	1.10103	1.57953
68	251	413	24	1.00541	1.54823
69	252	413	24	0.951037	1.67361
70	253	414	24	1.0936	1.52302
71	254	414	24	0.898712	1.38003
72	255	413	24	1.02067	1.51791
73	256	413	24	0.8881	1.30862
74	257	414	24	0.956697	1.39155
75	258	414	24	0.948597	1.43277
76	259	414	24	0.867491	1.32507
77	260	414	24	0.827081	1.0909
78	261	415	24	0.901213	1.25767
79	262	415	24	0.607559	0.731903
80	263	415	24	1.06183	1.34265
81	264	416	25	0.745581	1.04358
82	265	416	25	0.721207	1.12158
83	266	416	25	0.904082	1.33056
84	267	416	25	0.978054	1.65413
85	268	416	25	1.48536	2.09926
86	269	417	25	1.00195	1.14357
87	269	418	25	0.789503	1.15836
88	270	419	26	0.860997	1.20404
89	271	419	26	0.978139	1.51082
90	272	418	26	0.955659	0
91	273	418	26	1.10106	1.77849
92	274	418	26	1.04635	1.8078
93	275	419	27	1.0756	1.73125

# 17.01
idx	x	y	z	r_solid	r_surf
0	225	466	48	0	0
1	226	466	48	0.206	0.206
2	227	465	47	0.569147	0.669578
3	228	465	47	0.586671	0.796816
4	229	465	47	0.662099	0.985385
5	230	465	47	0.562161	0.793333
6	231	465	47	0.714367	0.946979
7	232	464	46	0.640239	0.889343
8	233	464	46	0.617472	1.06677
9	234	464	46	0.790887	1.05115
10	235	465	45	0.656945	0.893277
11	236	465	45	0.73782	1.33799
12	237	465	44	0.534204	0.655897
13	238	465	44	0.559822	0.755912
14	239	465	45	0.874578	1.30478
15	240	465	45	0.763352	1.14106
16	241	465	45	0.834278	1.2487
17	242	465	45	0.853512	1.34152
18	243	465	45	0.980598	1.33381
19	244	464	45	0.814787	1.18828
20	245	464	45	0.933445	1.63025
21	246	464	45	1.00095	1.37569
22	247	464	45	1.04049	1.49498
23	248	463	45	0.965463	1.16118
24	249	463	45	0.952019	1.35388
25	250	462	45	0.587261	0.777783
26	251	462	45	0.552506	0.710057
27	252	461	44	1.05597	1.49133
28	253	461	44	0.703292	0.972211
29	254	460	44	0.724311	1.02421
30	255	459	43	0.807455	1.10406
31	256	458	42	0.676492	0.927379
32	257	457	42	0.606386	0.726515
33	258	457	42	0.501086	0.69781
34	259	457	42	0.815437	0.815437
35	259	457	42	0	0
36	260	457	42	0.523358	0.523358
37	261	457	42	0.617264	0.617264
38	262	456	42	0.693925	0.693925
39	263	455	42	0.596921	0.708612
40	264	455	42	0.924772	1.25592
41	265	456	42	0.647839	0.858949
42	266	456	42	0.679031	1.12158
43	267	456	42	0.778291	1.09471
44	268	456	41	0.860811	1.35976
45	269	456	41	0.721235	1.01343
46	270	455	41	0.859494	1.30227
47	271	454	41	1.16546	1.72324
48	272	454	41	0.663035	0.756262
49	273	453	40	0.857097	1.0541
50	274	453	40	0.541684	0.891854
51	275	453	40	0.508451	0.593192
52	275	452	40	0.84305	0.985123
53	276	451	39	0.650835	0.824031
54	277	450	39	0.839261	1.16999
55	278	449	39	0.929334	1.32118
56	278	448	38	0.969569	1.45753
57	278	447	38	0.953688	1.35774
58	279	446	38	0.851116	1.11011
59	280	445	37	0.958341	1.64292
60	281	444	36	0.99994	1.40962
61	282	444	36	0.848952	1.18798
62	283	443	36	0.784291	1.15334
63	284	442	35	0.855116	1.23479
64	284	441	35	0.827579	1.29421
65	284	440	35	0.916093	1.30109
66	283	439	34	1.08859	1.7791
67	282	438	34	1.06644	1.47494
68	282	437	34	0.978511	1.40092
69	282	436	33	1.13709	1.63912
70	282	435	33	0.824649	1.41892
71	282	434	33	0.976334	1.37231
72	281	433	32	0.941014	1.47083
73	281	432	31	1.03946	1.65223
74	281	431	31	0.983624	1.71051
75	280	430	31	0.890675	1.33225
76	280	429	31	1.00147	1.43181
77	280	428	30	1.10914	1.66166
78	280	427	30	1.21488	1.7005
79	279	426	29	1.22319	1.83327
80	278	425	28	1.13189	1.64409
81	278	424	28	1.0364	1.68335
82	277	423	28	1.27187	1.75527
83	277	422	28	1.2623	1.92226
84	277	421	27	1.13944	1.77762
85	277	420	27	1.1841	1.89221

# 18.01
idx	x	y	z	r_solid	r_surf
0	253	230	3	1.86081	3.25402
1	254	229	3	2.42683	3.1501
2	255	228	2	2.88177	4.02244
3	256	227	2	3.51953	3.96831
4	257	226	2	3.73952	3.60607
5	258	225	2	5.20039	4.94012
6	259	224	3	4.98715	5.23209
7	259	223	3	1.03352	0.938861
8	259	222	3	1.56587	1.89603
9	260	221	4	1.32338	1.52955
10	261	220	4	0.824905	1.29472
11	262	219	4	1.45168	1.91035
12	262	218	4	0.819816	1.1063
13	262	217	4	1.03256	1.5251
14	262	216	4	0.764458	1.02147
15	263	215	4	0.523349	0.755815
16	264	215	4	0.624077	1.33032
17	265	215	4	1.02693	1.28302
18	266	215	5	1.01634	1.44184
19	267	215	5	1.60546	2.43262
20	268	214	5	1.12094	1.5889
21	269	214	5	1.55138	2.25604
22	270	213	5	1.02231	1.642
23	271	212	5	1.48687	2.08312
24	272	212	5	0.892848	1.51038
25	273	212	5	0.771345	1.06072
26	274	212	6	0.765075	1.03417
27	275	211	7	0.7315	0.895152
28	276	210	7	0.830695	1.06102
29	276	209	7	0.716807	1.28345
30	276	208	7	0.859613	1.06677
31	276	207	7	1.16441	1.50754
32	276	207	8	1.31383	1.77303
33	277	207	8	0.973364	1.28345
34	278	207	8	0.756403	0
35	279	207	8	1.18233	1.82471
36	280	206	9	1.1883	1.72646
37	280	206	10	1.1475	1.69611
38	281	206	11	1.14587	1.75888
39	282	205	11	1.20032	1.82158
40	283	205	11	1.16678	1.92229
41	284	205	11	1.3467	2.32779
42	285	205	11	1.70674	2.37875
43	286	204	12	1.54187	2.21436
44	287	204	12	1.85257	2.6791
45	288	204	13	1.42994	2.2071
46	289	204	14	1.59577	2.35383
47	290	205	15	1.36061	2.1795
48	291	206	16	1.11736	1.72671
49	292	207	17	1.13436	1.55014
50	292	208	17	0.934359	1.62775
51	292	209	17	1.04104	1.43073
52	293	210	18	1.0757	1.49677
53	294	211	19	1.12144	1.60688
54	295	212	20	1.18947	1.80481
55	294	213	21	1.54664	2.21453
56	294	214	21	1.07051	1.80148
57	294	215	21	1.23597	1.77985
58	295	216	21	0.963709	1.00798
59	296	217	21	0.627527	0.604977
60	297	218	22	1.18321	1.17751
61	297	219	22	0.630637	0.89524
62	297	220	22	0.675239	0.943795
63	296	221	21	0.45304	0.544064
64	295	221	21	0.930954	1.37453
65	294	222	22	1.07056	1.37449
66	293	223	23	0.719547	0.914795
67	292	224	23	1.57704	1.97819
68	292	225	23	0.650868	1.03108
69	292	226	23	0.578394	0.719299
70	292	227	23	0.433241	0.526861
71	292	228	23	0	0
72	291	228	23	0.377908	0.377908
73	290	228	23	0.386431	0.386431
74	289	229	23	0.246	0.246
75	289	230	23	0.466646	0.474453
76	288	231	23	0.529431	0.812861
77	288	232	23	0.533327	0.854247
78	288	233	23	0.840708	1.18069
79	288	234	23	0.792249	1.10331
80	288	235	23	0.778641	1.06205
81	287	236	23	1.11372	1.68563
82	287	237	23	0.731754	1.06416
83	286	238	23	0.917401	1.46947
84	285	239	22	1.29072	1.83423
85	285	239	22	0	0
86	285	240	22	0.903636	1.27524
87	285	241	22	1.01646	1.71987
88	285	242	22	0.906846	1.20935
89	285	243	22	1.01451	1.48597
90	286	244	22	0.983567	1.40043
91	287	245	22	0.939776	1.38268
92	287	246	22	0.942417	1.35533
93	288	247	22	0.926727	1.38728
94	289	248	22	0.92773	1.34162
95	289	249	22	0.869434	1.31446
96	290	250	22	1.06332	1.48706
97	290	251	22	0.848089	1.69043
98	290	252	22	0.824813	1.20484
99	291	253	22	1.12716	1.56353
100	291	254	22	0.766489	1.13372
101	291	255	22	0.857441	1.20751
102	292	256	21	1.07853	1.59773
103	292	257	21	0.997379	1.3989
104	293	258	21	0.87989	1.15851
105	294	259	21	1.26142	1.72987
106	294	260	21	0.659068	0.984
107	294	261	21	0.798027	1.15381
108	295	262	21	1.16064	1.73441
109	295	263	21	0.693608	0.959708
110	295	264	21	0.610947	0
111	295	265	21	0.511012	0.657174
112	296	266	21	0.525872	0.665313
113	297	266	21	0.866193	1.49998
114	298	266	21	1.03426	1.54707
115	299	266	21	1.23966	1.70389
116	300	265	20	1.1401	1.65838
117	301	265	20	0.943805	1.5744
118	302	265	20	0.891245	1.23195
119	303	266	19	0.852556	1.17771
120	303	267	19	1.12086	1.45172
121	304	268	19	1.201	1.97746
122	305	268	19	0.777082	1.07555
123	306	269	19	0.750559	1.04366
124	307	270	19	0.755352	1.02898
125	307	271	19	0.825972	1.09852
126	307	272	19	1.02122	1.36314
127	307	273	19	0.977517	1.31342
128	307	274	19	0.926836	1.72271
129	307	275	19	0.820905	1.20862
130	308	276	19	0.854444	1.0563
131	309	276	18	1.1162	1.30464
132	310	276	18	0.861225	0
133	311	276	18	0.856999	1.15716
134	312	276	18	0.802592	1.48916
135	313	276	18	0.736062	1.05027
136	314	277	18	0.818632	1.09926
137	314	278	18	0.696835	1.12158
138	314	279	18	0.835811	1.26093
139	314	280	18	1.018	1.54258
140	314	281	18	1.04559	1.5164
141	314	282	18	1.26611	1.83818
142	314	283	17	1.22189	1.77472
143	314	284	17	1.21376	1.8812
144	315	285	17	1.10327	1.75422
145	315	286	17	1.09092	1.61277
146	316	287	17	0.983568	1.54863
147	317	288	17	1.07508	1.55464
148	317	289	17	0.974301	1.52117
149	318	290	17	1.00998	1.41825
150	319	291	17	1.00084	1.4621
151	320	292	17	0.908859	1.33588
152	321	293	17	0.839206	1.45213
153	322	293	17	1.0188	1.4594
154	323	294	16	0.858337	1.22831
155	324	295	16	1.03283	1.49151
156	325	296	17	1.05392	1.53929
157	325	297	17	1.16268	1.76671
158	326	298	17	1.16423	1.75653
159	327	298	17	0.833017	1.26938
160	328	299	16	0.902238	1.3212
161	329	300	16	0.538101	0.538101
162	330	301	17	0.454664	0.454664
163	330	302	16	1.22144	1.34858
164	330	302	16	0	0
165	331	303	17	0.754751	1.14192
166	332	303	17	0.587211	0.752654
167	333	304	17	0.391532	0.587298
168	333	305	17	0.391545	0.301333
169	333	306	17	1.03192	1.19829
170	334	307	17	1.06564	1.51664
171	335	307	17	0.501752	0.629909
172	336	308	17	0.600242	0.627298
173	337	309	18	0.591676	0.781278
174	337	310	18	0.781053	1.07159
175	337	311	18	0.815923	1.34473
176	337	312	18	0.827084	1.26845
177	336	313	18	1.0919	1.67192
178	336	314	18	0.716771	1.17534
179	336	315	18	0.655883	0.937751
180	337	316	18	0.466988	0.562313
181	338	317	19	0.517138	0.621054
182	339	318	19	0.329	0.329
183	340	319	20	0.547749	0.592033
184	341	320	20	0.56689	0.695787
185	342	321	20	0.563345	0.758095
186	343	321	20	0.556176	0
187	344	322	21	0.553069	0.788009
188	345	323	21	0.625016	0.903269
189	346	323	21	0.742689	1.12888

# 19.01
idx	x	y	z	r_solid	r_surf
0	223	205	5	0.469996	0.612189
1	224	205	5	0.521067	0.641723
2	225	206	5	0.466014	0.622034
3	226	206	5	0.618149	0.826576
4	227	207	5	0.622408	0.779858
5	228	208	5	0.606678	0.864357
6	229	208	5	0.855019	1.33815
7	230	209	5	0.812266	1.13505
8	231	210	4	0.693545	0.967344
9	232	210	4	0.704783	0
10	233	210	4	0.961709	1.3788
11	234	211	4	0.916029	1.33968
12	235	212	4	0.954892	1.36592
13	236	212	4	1.16337	1.78789
14	237	213	4	1.18524	1.62294
15	238	213	4	1.22813	1.84766
16	239	214	4	1.38483	2.10551
17	240	214	4	1.21729	1.89999
18	241	215	4	1.54536	2.10365
19	242	215	4	1.01666	1.69043
20	243	215	4	1.21126	1.76609
21	244	216	4	1.13912	1.94323
22	245	217	4	1.46007	2.06933
23	245	218	4	0.9442	1.61895
24	245	219	4	1.18865	1.9282
25	245	220	3	1.43931	2.10716
26	245	220	3	0	0
27	246	221	4	1.30304	1.88938
28	247	221	4	0.938173	0
29	248	221	4	1.38746	2.06759
30	249	221	3	1.64101	2.40502
31	249	221	3	0	0
32	249	222	3	1.45324	2.38962
33	249	223	3	1.00388	1.69043
34	249	224	3	1.39403	2.09626
35	250	225	3	1.2773	1.88057
36	251	226	3	1.21035	0
37	251	227	3	1.22259	2.21869
38	252	228	4	1.39173	2.13209
39	252	229	4	1.23418	1.99476

# 20.01
idx	x	y	z	r_solid	r_surf
0	347	322	21	0.546514	0.800715
1	346	321	20	0.510584	0
2	346	320	20	0.562081	0.812861
3	346	319	20	0.538098	0.698365
4	345	318	20	0.656964	0.771182
5	345	317	19	0.65341	0.82127
6	345	316	19	0.53449	0.626358
7	345	315	19	0.351241	0.351241
8	344	314	19	0.777327	0.777327
9	343	313	19	0.632459	0.632459

# 21.01
idx	x	y	z	r_solid	r_surf
0	348	323	20	0.654461	0.922237
1	349	324	21	0.8219	1.24465
2	350	324	21	0.813044	1.18984
3	351	325	22	0.749966	1.01986
4	352	325	22	0.666352	0.907918
5	353	326	22	0.696935	0.963547
6	354	327	22	0.466014	0.612189
7	354	328	22	0.882877	1.22542
8	355	328	22	0.538259	1.06677
9	356	329	22	1.28224	2.11378
10	357	329	22	0.773149	1.00846
11	358	330	22	0.998993	1.59235
12	359	331	22	2.25823	2.99247
13	360	331	22	1.41149	1.6742
14	361	331	23	1.05612	1.49045
15	362	331	23	1.09661	1.08491
16	363	330	23	0.840381	0
17	364	329	23	0.916952	1.46256
18	365	328	23	0.820293	1.03292
19	366	328	23	0.880016	1.10394
20	366	329	23	0.670631	1.28345
21	366	330	23	0.70326	1.06478
22	367	331	23	0.817331	1.11819
23	368	332	23	0.703462	0

# 22.01
idx	x	y	z	r_solid	r_surf
0	222	204	5	0.601469	0.868974
1	223	203	4	0.546517	0.672397
2	224	202	4	0.982078	1.33947
3	225	202	4	0.454664	0.468885
4	226	202	5	0.56613	0.699705
5	227	202	5	0.386431	0.386431
6	228	203	5	0.374382	0.374382
7	229	204	5	0	0
8	230	203	5	0.206	0.206
9	230	202	5	0.503889	0.503889
10	229	201	5	0	0
11	228	200	5	0	0

# 23.01
idx	x	y	z	r_solid	r_surf
0	221	203	5	0.745296	1.06834
1	220	202	5	0.737023	1.14357
2	219	202	5	0.652906	0.914692
3	218	202	4	0.798805	1.09478
4	217	201	4	0.761086	1.10073
5	216	200	4	0.676319	1.15466
6	215	199	3	0.663381	1.0656

# 24.01
idx	x	y	z	r_solid	r_surf
0	369	333	23	0.752936	1.52519
1	370	334	22	1.12256	1.81064
2	370	335	22	0.884372	1.25611
3	369	336	22	0.846019	1.25011
4	368	337	22	0.976943	1.35212
5	367	338	22	0.997459	1.43657
6	366	339	22	1.31441	1.62307
7	366	340	22	1.0975	1.57744
8	365	341	21	1.47722	2.09706
9	365	342	20	0.832202	2.0941

# 25.01
idx	x	y	z	r_solid	r_surf
0	369	331	23	0.711977	1.02539
1	370	330	23	0.848106	1.21552
2	371	329	23	1.15679	1.63014
3	372	328	23	1.16444	1.69199
4	373	327	23	0.986453	1.40173
5	374	326	23	0.822693	1.09737
6	375	325	23	0.698692	1.04441
7	376	325	23	1.15985	1.5486
8	377	324	23	0.774556	1.17787
9	378	323	23	0.756904	1.11558
10	379	323	23	1.64444	1.97542
11	380	322	23	0.735856	1.15592
12	381	321	24	0.522575	0.714007
13	382	321	24	1.34786	1.8133
14	383	320	25	0.661422	0.895921
15	384	320	25	1.41823	2.01631
16	385	319	26	1.3356	1.96698
17	385	318	27	0.904948	1.27295
18	385	317	27	0.793444	1.16594
19	386	316	27	0.931774	1.36572
20	387	315	27	1.19706	1.59081
21	387	314	27	0.693608	1.05181
22	387	313	27	0.589183	0.92126
23	387	312	28	1.05165	1.59586
24	387	311	28	0.756689	0.997517
25	388	310	29	0.821461	1.21416
26	388	309	29	0.922944	1.25357
27	387	308	29	0.735129	1.21973
28	386	307	29	0.664302	0.941905
29	386	306	29	0.647715	0.90097
30	386	305	29	0.670411	1.04672
31	386	304	29	0.836408	1.04247
32	387	304	29	0.453489	0.591815
33	388	304	29	0.443861	0.641723
34	389	304	29	0.719956	1.10025
35	390	304	29	0.843471	1.11128
36	390	303	29	0.605239	0.922569
37	390	302	29	0.562394	0.793554
38	390	301	29	0.499572	0.599486
39	390	300	29	0.386431	0.386431
40	389	299	29	0.824023	0.803519
41	389	298	29	0.437489	0.546861
42	389	297	29	0.777589	0.942069
43	388	297	29	0.386431	0
44	387	297	29	1.3619	1.38166
45	387	296	29	0.974129	1.5375
46	387	295	29	0.952104	2.06
47	387	294	29	0.773486	0.77019
48	387	293	29	0.329	0.329
49	386	292	28	1.00981	0.90129
50	385	291	29	0.966701	0.929645
51	385	290	29	0.617164	0.617164
52	384	289	28	0.907234	0.907234
53	384	288	28	0.669041	0.748491
54	383	287	28	0.686746	0.800463
55	383	287	28	0	0
56	382	286	28	0.802572	0.802572
57	381	285	29	0.735214	0.735214
58	380	284	28	0.49452	0.49452
59	380	283	27	0.206	0.206

# 26.01
idx	x	y	z	r_solid	r_surf
0	186	168	5	0.917518	1.69043
1	186	169	5	1.042	1.93797
2	187	170	5	1.18455	2.04148
3	188	171	5	1.51653	2.20394
4	189	171	5	1.54387	2.23962
5	189	171	5	0	0
6	190	170	5	1.18087	2.22588
7	191	170	5	1.17947	1.90891
8	192	170	5	1.12971	1.49861
9	193	171	6	1.12495	1.74711
10	194	172	6	1.24983	1.50297
11	195	173	6	1.00059	1.53068
12	196	174	6	1.0548	1.59947
13	196	175	6	1.75515	2.50615
14	197	176	6	1.03623	1.6478
15	198	177	6	1.18305	1.72132
16	198	178	6	1.06786	1.66207
17	198	179	6	1.23954	1.93206
18	198	180	6	1.38328	2.28333
19	198	181	6	1.10207	1.63102
20	199	182	6	0.981059	1.42758
21	200	183	6	1.31274	1.91219
22	200	184	6	0.887947	1.29941
23	201	185	6	0.995941	1.34745
24	202	186	6	1.16696	1.80347
25	202	187	6	0.749946	1.0877
26	203	188	6	0.856983	1.38387
27	203	189	6	0.736848	1.01968
28	204	190	6	0.787173	1.12491
29	205	191	6	0.765741	1.09817
30	206	191	6	0.678058	0.962584
31	207	191	6	0.683949	1.05906
32	208	192	5	0.625149	0.796107
33	208	193	5	0.657329	0
34	208	194	5	0.763521	1.06034
35	209	195	4	0.670265	0.876995
36	210	196	4	0.693192	0.980436
37	211	197	4	0.668224	0.968354
38	212	198	4	0.636716	0.856532
39	213	198	3	0.646955	0.904257
40	214	198	3	0.564573	0

# 27.01
idx	x	y	z	r_solid	r_surf
0	216	198	3	0.596551	1.05683

# 28.01
idx	x	y	z	r_solid	r_surf
0	366	342	19	1.10252	2.03314
1	367	342	18	1.24673	1.82819
2	368	342	18	0.914039	0
3	369	342	18	1.04598	1.55627
4	370	342	17	0.945298	1.35836
5	371	342	17	0.718169	1.0919
6	372	342	18	0.700726	1.06118
7	373	342	18	0.667358	0.882885
8	373	342	17	0.655279	1.04446
9	374	343	17	0.74895	1.08517
10	375	343	17	0.780866	1.16613
11	376	343	17	0.897381	1.30208
12	377	343	17	0.845315	1.28316
13	378	343	17	0.83161	1.15061
14	379	343	16	0.90516	1.2292
15	380	343	16	0.787989	1.21395
16	381	343	16	0.726076	1.045
17	382	343	16	0.635408	0.931434
18	383	344	16	0.705178	0.918958
19	384	344	16	0.530931	0.668689
20	385	344	16	0.412	0.412

# 29.01
idx	x	y	z	r_solid	r_surf
0	364	343	20	1.92636	2.78137
1	365	344	21	0.990089	1.648
2	365	345	21	1.09535	1.76755
3	365	346	22	1.4243	2.04154
4	365	347	22	1.11623	1.848
5	365	348	22	1.13304	1.5021
6	365	349	22	1.02224	1.478
7	364	350	22	0.876551	1.01324
8	364	351	22	0.794421	1.10382
9	364	352	23	0.825292	1.39266
10	364	353	24	1.03626	1.40068
11	364	354	24	0.789601	1.1724
12	364	355	23	0.726901	1.02393
13	364	356	23	0.584151	1.06677
14	364	357	23	0.821932	1.09417
15	364	358	23	0.654934	0.95016
16	364	359	23	0.856042	1.15566
17	364	360	24	0.877371	1.34795
18	364	361	25	0.861358	1.24661
19	364	362	25	0.63149	1.02539
20	364	363	25	0.888743	1.07503
21	364	364	25	0.906037	1.49213
22	364	365	25	0.798019	1.27139
23	364	366	25	0.90797	1.22235
24	364	367	25	0.959556	1.36299
25	364	368	25	1.03357	1.91116
26	364	369	25	0.856714	1.07746
27	363	370	25	1.07778	1.50513
28	363	371	25	0.989448	1.67915
29	363	372	25	0.980042	1.50968
30	363	373	25	0.808352	1.13475
31	362	374	25	1.1221	1.76973
32	362	375	25	0.779699	1.01781
33	361	376	25	0.892425	1.21352
34	360	377	25	0.923588	1.36594
35	360	378	25	0.829353	1.16275
36	359	379	25	0.938874	1.43688
37	358	380	25	1.03395	1.51616
38	358	381	25	0.75727	1.04441
39	357	382	25	0.904567	1.21091
40	357	383	26	1.17366	1.64396
41	357	384	26	0.947565	1.61959
42	357	385	26	0.877765	1.3615
43	357	386	26	0.902941	1.32414
44	356	387	26	1.28155	1.94015
45	356	388	26	1.08973	1.63057
46	355	389	26	1.19794	1.74468
47	354	390	26	1.09093	1.57135
48	353	391	26	0.996531	1.39567
49	352	391	26	1.1385	1.67544
50	351	392	27	1.06641	1.55688
51	350	392	27	1.0733	1.66363
52	349	393	27	1.15153	1.68174
53	348	394	27	1.13774	1.62989
54	348	395	27	1.16805	1.67776
55	347	396	28	1.04518	1.75543
56	346	397	29	0.930344	1.34978
57	345	398	30	0.687659	0.963508
58	344	399	31	0.60656	0.625653
59	344	400	31	0.592064	0.592064
60	344	401	30	0.555818	0.386431
61	343	402	29	0.700726	0.786176
62	342	403	30	0.798412	1.13152
63	342	403	30	0	0
64	341	404	31	0.887166	1.21686
65	340	404	31	0.959861	1.4197
66	339	405	32	1.08468	1.56442
67	339	405	32	0	0
68	338	406	33	1.04255	1.62847
69	337	407	33	1.0995	1.54419
70	336	408	33	0.895074	1.56484
71	335	409	33	0.817754	1.35165
72	334	410	33	0.804491	1.13485
73	334	411	33	0.759537	1.07081
74	335	412	34	0.909611	1.22963
75	335	413	34	1.01818	1.49757
76	336	414	34	1.04904	1.78078
77	337	415	34	0.841646	1.19629
78	338	416	35	0.829592	1.25231
79	338	417	35	0.837581	1.17511
80	338	418	35	1.2864	1.80118
81	339	419	35	1.16021	1.71152
82	340	420	35	1.16878	1.67206
83	341	421	35	1.05664	1.59822
84	342	422	35	0.883581	1.26376
85	343	423	36	0.922897	1.25886
86	344	423	36	0.734803	0.963267
87	344	424	36	0.635002	0.823696
88	345	425	36	0.661493	0.869405
89	345	426	36	0.509431	0.984
90	345	427	36	1.10791	1.42338
91	346	427	36	0.611604	0.89399
92	347	428	36	0.734963	0.943906
93	348	429	36	0.708392	0.925964
94	348	430	36	0.721207	1.07572
95	348	431	36	1.00608	1.45524
96	349	432	37	0.71304	0.967148
97	349	433	37	0.590805	0.793554
98	349	434	37	0.693515	1.22048
99	349	435	37	1.04084	1.11418
100	350	436	37	0.840066	0.870056
101	351	436	37	0.482047	0.482047
102	351	437	37	0.473945	0.658
103	351	438	37	0.729933	0.831335
104	351	439	38	0.514623	0.651455
105	351	440	38	1.33173	1.71634
106	350	441	38	0.951536	1.38033
107	349	442	38	1.10291	1.50992
108	349	443	38	0.888852	1.32375
109	349	444	38	0.862625	1.38225
110	349	445	38	0.902428	1.32054
111	350	446	38	1.26973	1.84128
112	350	447	38	1.10235	1.68028
113	350	448	38	1.13774	1.93567
114	350	449	38	1.14851	1.76293
115	350	450	38	1.05389	1.5887
116	350	451	38	0.909108	1.36889
117	350	452	38	0.703589	0.823985
118	350	453	38	0.558204	0.678919
119	351	454	38	1.18216	1.35237
120	351	455	38	0.443861	0.443861
121	351	456	38	0	0
122	352	457	39	0	0
123	353	457	39	1.32755	1.32755

# 30.01
idx	x	y	z	r_solid	r_surf
0	181	168	5	0.60383	0.60383
1	182	168	5	0.828101	0.973629
2	183	168	5	1.07773	1.67672
3	184	168	5	0.826865	1.06677
4	185	167	6	0.85376	1.16922

# 31.01
idx	x	y	z	r_solid	r_surf
0	175	149	5	0.634808	0.835924
1	175	149	5	0	0
2	176	149	5	0.529179	0.641723
3	177	149	5	0.523976	0.653961
4	178	150	5	0.386431	0.526861
5	178	151	5	0.605547	0.95016
6	178	152	5	0.648393	0.810292
7	178	153	5	0.714185	0.866146
8	179	154	6	0.683074	0.976517
9	179	155	6	0.804682	1.17645
10	180	156	6	0.832357	1.25976
11	181	156	6	0.517567	0.736126
12	181	157	6	0.601886	0.810031
13	182	158	7	0.45304	0.555532
14	182	159	7	0.523349	0.566861
15	182	160	7	1.22221	1.3407
16	183	161	6	0.65771	0.875326
17	184	162	6	0.895541	1.22566
18	184	163	6	0.701141	1.06872
19	185	164	6	0.667264	1.14357
20	186	164	6	1.06116	1.44144
21	186	165	5	0.979398	1.45597
22	186	166	5	0.997179	1.5292

# 32.01
idx	x	y	z	r_solid	r_surf
0	216	197	3	0.3616	0.492
1	215	196	4	0.591704	0
2	215	195	4	0.541684	0.492
3	215	194	4	0.665593	0.960872
4	214	193	4	0.664035	0.824
5	214	192	4	0.593986	0.787979
6	214	191	5	0.690584	0.785597
7	214	190	5	0.57183	0.653125
8	213	189	5	0.582248	0.75108
9	212	188	6	0.808927	0.963369
10	212	187	7	1.37099	1.37099

# 33.01
idx	x	y	z	r_solid	r_surf
0	217	197	3	0.549312	0.658
1	218	197	3	0.571715	0.927668
2	219	197	4	0.845239	1.12626
3	220	197	4	0.639456	0.986023
4	221	197	4	0.73123	1.09955
5	222	197	4	0.601714	0.725854
6	223	197	4	0.394954	0.412
7	224	196	4	0.619403	0.619403
8	225	196	4	0	0
9	226	197	5	0.206	0.206
10	227	198	5	0	0

# 34.01
idx	x	y	z	r_solid	r_surf
0	174	148	5	0.528002	0.959708
1	174	147	5	0.489945	0.612431
2	174	146	5	0	0
3	175	145	5	0.291328	0.291328
4	175	144	5	0	0
5	174	143	5	0	0
6	173	142	5	0.206	0.206
7	172	141	4	0.246	0.246
8	172	140	4	0.320861	0.320861

# 35.01
idx	x	y	z	r_solid	r_surf
0	152	118	3	0.377908	0.377908
1	152	119	3	0.391545	0.391545
2	153	120	3	1.7935	1.75928
3	154	120	3	0.433241	0.391545
4	155	121	3	0.709331	0.763664
5	156	122	4	1.61993	1.34356
6	157	122	4	0.206	0.206
7	158	123	3	0.274667	0.274667
8	158	124	3	0.552286	0.618
9	158	125	4	0.621764	0.852964
10	158	126	4	1.30175	1.82736
11	159	127	4	0.758258	1.26494
12	160	128	4	0.903809	1.41646
13	160	129	4	0.992557	1.77881
14	160	130	4	1.11958	1.4368
15	159	131	4	0.436315	0.274667
16	158	132	4	1.00738	0.969187
17	157	133	5	0.995791	0.991799
18	157	133	5	0	0
19	158	134	5	0.301333	0.301333
20	159	135	4	0.51073	0.506697
21	160	136	4	0.425676	0.54546
22	160	137	4	0.391545	0.391545
23	161	138	5	0.47408	0.47408
24	160	139	5	0.246	0.246
25	161	140	5	0.351241	0.351241
26	162	141	5	0.465333	0.465333
27	163	141	5	0.697209	0.895185
28	163	142	5	0.652467	0.84759
29	163	143	5	0.712623	0.877892
30	164	144	5	0.764284	1.03941
31	165	145	5	0.76935	1.04776
32	166	145	5	0.728912	0.953363
33	167	145	5	0.593651	0.914472
34	168	145	5	0.812296	1.10769
35	169	146	5	0.654538	0.8834
36	170	147	5	0.947966	1.14853
37	171	147	5	0.651818	0.876315
38	172	148	5	0.556522	0.722539
39	173	148	5	0.526674	0.891854

# 0.02
idx	x	y	z	r_solid	r_surf
0	307	226	47	0.532287	0.532287
1	306	227	48	0.301333	0.301333
2	305	227	48	0.421768	0.421768
3	304	228	48	0	0
4	303	228	48	0	0
5	302	228	48	0.711245	0.711245
6	301	227	48	0	0
7	301	226	48	0.377908	0.377908
8	301	225	48	0.590024	0.692884
9	302	224	48	0.425676	0.532095
10	303	224	48	0.301333	0.301333
11	304	223	47	0.391545	0.489431
12	305	223	47	0.478689	0.546861
13	306	222	47	0.246	0.492
14	307	222	47	0.386431	0.386431
15	308	223	48	0.329	0.329
16	309	223	48	0.518118	0.518118
17	310	222	48	0.377908	0.377908
18	311	223	48	0.661581	0.661581
19	312	223	48	0	0
20	313	223	47	0.610149	0.621964
21	314	223	47	0.437489	0.351241
22	315	223	47	0.564997	0.708596
23	316	223	46	0.615801	0.892631
24	317	223	46	0.595317	0.953908
25	318	223	46	0.629629	0.849296
26	319	223	46	0.859412	1.28843
27	320	223	46	0.76783	0.747718
28	321	223	46	0.662581	0.979312
29	322	223	46	0.818236	1.02735
30	323	223	45	1.14272	1.61916
31	323	223	45	0	0
32	324	223	45	1.01215	1.72163
33	325	222	45	0.9996	1.3406
34	326	222	45	1.11902	1.6487
35	327	222	45	1.08549	1.85055
36	328	222	45	1.04477	1.64148
37	329	221	45	1.08628	1.60657
38	330	221	45	1.08325	1.60958
39	331	221	44	1.16839	1.63659
40	332	221	44	1.20667	1.73865
41	333	220	45	1.11034	1.73999
42	334	220	45	0.9239	1.63514
43	335	220	45	1.18784	1.63895
44	336	219	45	1.13353	1.88057
45	337	218	45	1.17509	1.90745
46	338	218	45	1.09953	1.82959

# 1.02
idx	x	y	z	r_solid	r_surf
0	339	217	44	1.39426	2.17089
1	339	216	45	1.20494	2.13438
2	339	215	45	1.28857	2.03114
3	340	214	46	1.30576	1.81589
4	340	213	46	1.08136	2.10118
5	340	212	46	1.11106	1.66192
6	341	211	47	1.08917	1.6001
7	342	210	46	0.976423	1.48705
8	343	210	46	1.06643	1.58866
9	344	209	46	1.02683	1.53751
10	345	208	46	1.04905	1.54987
11	346	207	47	1.02308	1.64823
12	347	206	47	1.16136	1.71653
13	348	206	47	1.07081	1.4545
14	349	205	46	1.08589	1.55311
15	350	204	46	1.04259	1.3955
16	351	203	47	1.10904	0
17	351	202	47	1.04693	1.77911
18	352	201	48	0.985499	1.57509
19	353	200	48	1.12352	1.72526

# 2.02
idx	x	y	z	r_solid	r_surf
0	339	219	44	1.12473	1.90647
1	340	220	43	1.26491	2.05695
2	341	221	42	1.62064	2.34496
3	341	222	42	1.26405	1.74902
4	342	223	42	1.00683	1.49224
5	343	224	42	0.925988	1.33899
6	344	225	41	0.884101	1.28327
7	345	225	41	0.927268	1.38099
8	346	225	41	1.11699	1.62463
9	347	225	41	1.24354	1.15427
10	348	225	41	1.46489	1.26526
11	349	225	41	2.25656	2.9734
12	350	226	41	1.29675	1.54184
13	351	227	41	0.977572	1.35867
14	352	228	42	1.07617	1.49906
15	353	228	42	1.15171	1.6714
16	354	229	42	1.05089	1.46406
17	355	229	42	0.811006	1.38421
18	356	229	42	1.03204	1.49691
19	357	229	41	0.931691	1.32948
20	358	229	41	1.30402	1.80097
21	359	228	41	0.959673	1.63848
22	360	227	41	1.26297	1.97777
23	361	226	41	1.77831	2.52006
24	362	226	41	0.832994	1.53242

# 3.02
idx	x	y	z	r_solid	r_surf
0	363	205	46	1.02887	1.59739
1	362	205	46	0.96686	1.42056
2	361	204	46	0.998947	1.45288
3	360	204	46	1.13675	1.69583
4	359	203	47	0.949915	1.42048
5	358	203	47	0.802695	1.71987
6	357	203	47	1.20958	1.74495
7	356	202	48	0.965122	1.43152
8	355	201	48	0.935769	1.55602
9	354	200	48	0.936056	1.4711

# 4.02
idx	x	y	z	r_solid	r_surf
0	318	205	60	0	0
1	319	205	60	0.635871	0.746427
2	320	205	60	0.53346	0.747718
3	321	205	60	0.59627	0.802125
4	322	205	59	0.859578	1.23272
5	323	205	59	0.48487	0.672626
6	324	204	58	0.789713	1.12731
7	325	204	58	0.489431	0.592431
8	326	204	58	0.441635	0.515241
9	326	204	58	0	0
10	327	203	58	0	0
11	328	202	57	0.351241	0.351241
12	329	202	57	0.57661	0.600125
13	330	202	57	0.496482	0.481292
14	331	201	57	0.679917	0.910704
15	332	200	57	0.647681	0.949342
16	333	200	57	0.724689	0.933615
17	333	199	57	0.727711	0.924472
18	334	198	57	0.760866	1.33799
19	335	197	57	0.843757	1.31072
20	336	197	57	0.966412	1.38928
21	337	196	57	1.01349	1.41143
22	338	196	57	1.05711	1.50272
23	339	196	57	0.850593	1.25972
24	340	196	57	0.810574	1.13148
25	341	195	56	1.13869	1.63556
26	342	195	56	0.716987	0
27	343	195	56	1.02446	1.74868
28	344	195	55	1.07696	1.65
29	345	195	55	0.789177	1.236
30	346	195	55	1.25132	1.83857
31	347	195	54	0.95919	1.6138
32	348	196	53	1.07335	1.51028
33	349	196	53	0.771068	0
34	350	196	53	1.16997	1.732
35	350	196	53	0	0
36	351	196	52	0.988036	1.56238
37	352	197	51	1.05759	1.5964
38	353	198	50	1.01983	1.44774
39	353	199	49	1.02491	1.8535

# 5.02
idx	x	y	z	r_solid	r_surf
0	362	207	39	1.02006	1.5866
1	363	208	39	1.04699	0
2	363	209	39	1.27196	1.79738
3	364	210	38	1.26435	1.84467
4	365	211	38	1.17169	1.5762
5	365	212	38	1.03952	1.54981
6	365	213	38	0.940129	1.4335
7	365	214	38	0.97378	1.37258
8	364	215	39	1.08048	1.64525
9	364	216	39	1.00819	1.92426
10	364	217	39	1.10927	1.75563
11	364	218	39	1.043	1.62587
12	364	219	39	0.966597	1.44323
13	364	220	39	1.01886	1.88524
14	364	221	39	1.03087	1.43099
15	364	222	39	0.915152	1.28444
16	364	223	39	1.21643	1.8273
17	363	224	40	1.15165	1.77025
18	363	225	40	0.985983	1.28345

# 6.02
idx	x	y	z	r_solid	r_surf
0	363	226	40	1.05786	1.57843
1	363	227	40	0.843781	0
2	363	228	40	0.925908	1.38479
3	364	229	41	1.07774	1.65793
4	365	230	41	1.35001	1.76791
5	366	231	41	1.28065	2.04484
6	367	232	41	1.51535	2.09956
7	367	233	41	1.11518	1.69528
8	367	234	41	1.03471	1.60143
9	367	235	41	1.14653	1.70323
10	368	236	40	1.00514	1.39963
11	369	237	40	0.869051	1.2535
12	370	238	40	0.854291	1.24816
13	371	238	40	0.905319	1.2469
14	372	237	39	1.01585	1.34388
15	373	237	39	1.20083	1.64002
16	374	238	39	0.893027	1.36612
17	375	239	39	1.0352	1.59134
18	376	240	39	1.03364	1.58095
19	377	241	39	1.0403	1.58224
20	378	242	39	1.04174	1.5717
21	379	243	39	0.96254	1.49488
22	380	244	39	1.09434	1.66223
23	380	245	39	1.02889	1.3754
24	381	245	39	1.13666	2.22452
25	382	246	39	1.08207	1.67158
26	383	247	39	0.793986	1.07643
27	384	248	38	0.916435	1.25836
28	385	248	38	0.826121	0
29	386	248	38	1.15307	1.69579
30	387	249	38	0.911511	1.19226
31	388	249	38	0.700735	0
32	389	249	38	0.939696	1.35088
33	390	249	37	0.978196	1.39639
34	391	249	37	1.00064	1.4765
35	392	250	37	1.06274	1.5363
36	393	250	37	0.958644	1.38334
37	394	251	37	0.849986	1.26557
38	394	252	37	0.942191	1.38974
39	395	253	36	1.09966	1.62083
40	396	253	36	1.1829	2.29096
41	397	253	36	1.29247	2.59057
42	398	253	36	1.2986	1.81506
43	399	253	36	1.34889	1.96509
44	400	253	36	1.32154	1.97185
45	401	253	36	0.756715	0.922237
46	402	253	35	1.03554	1.28496
47	403	253	35	0.721615	1.07303
48	404	254	35	1.95155	1.99588
49	405	254	35	0.46362	0.592431
50	406	254	35	0.351241	0.351241
51	407	255	34	0.320861	0.320861
52	408	256	34	2.57198	2.57198
53	409	256	34	0.274667	0.274667
54	410	257	34	1.70353	1.70353
55	411	257	34	0.391545	0.391545
56	412	257	34	0.593366	0.833554
57	413	258	34	0.706011	0.873838
58	414	259	34	0.994523	1.31597
59	415	259	34	0.541106	0.716489
60	416	260	33	0.974491	1.40984
61	416	261	33	0.666765	1.06677
62	416	262	33	1.10818	1.49617
63	417	263	32	0.811661	1.26495
64	417	263	32	0	0
65	418	264	32	0.993102	1.2699
66	419	264	31	0.764857	0.98581
67	420	264	31	1.18722	1.04514
68	421	264	32	1.11225	0.907019
69	422	264	32	1.37443	1.34932
70	423	265	31	0.91188	0.91188
71	424	266	31	0.670879	0.670879
72	425	266	31	1.52436	1.39416
73	426	267	31	1.40166	1.40166
74	427	268	31	1.61628	1.61628
75	428	269	31	1.3974	1.3974
76	429	270	31	0.659668	0.659668
77	430	271	31	0.425676	0.54546
78	431	271	31	0.508451	0.613431
79	432	271	31	1.36132	2.08778
80	433	272	30	0.889288	1.15204
81	434	273	30	0.829452	1.16253
82	435	273	30	0.935658	1.17511
83	436	274	29	0.97898	1.47907
84	437	274	29	1.10454	1.66867
85	438	274	29	1.04681	1.92517
86	439	274	29	0.988749	1.8897
87	440	273	29	0.984254	1.68408

# 7.02
idx	x	y	z	r_solid	r_surf
0	365	205	46	0.979138	1.46518
1	366	205	46	0.789757	1.40793
2	367	205	46	0.78034	1.07809
3	368	205	45	0.998898	1.76898
4	369	205	45	0.81102	1.18246
5	370	204	45	0.991736	1.29467
6	371	204	45	0.571357	0.452
7	372	204	45	0.499529	0.635953
8	373	205	44	0.928591	1.38638
9	374	205	44	0.486099	0.641723
10	375	205	44	0.799382	1.02796
11	376	205	43	0.876458	1.30577
12	377	205	43	0.901407	1.59462
13	378	205	43	1.05054	1.46132
14	379	206	43	1.11235	1.63269
15	380	206	43	1.16427	1.82252
16	381	206	43	1.29292	1.97392
17	382	206	43	1.29214	1.90995
18	383	206	43	1.17868	1.94265
19	384	206	43	1.34046	1.92438
20	385	205	42	1.05761	1.51646
21	386	205	42	0.856407	1.80664
22	387	205	42	1.34735	1.75743
23	388	204	41	0.579604	0.768203
24	389	204	41	0.672246	1.00817
25	390	205	42	0.981863	1.0611
26	391	205	42	0.640989	0.727627
27	392	205	41	0.632773	0.815164
28	392	206	41	1.04178	1.49621
29	393	207	41	1.38679	1.88475
30	394	208	41	1.28987	1.43654
31	395	208	41	0	0
32	396	208	41	0.443861	0.443861
33	397	207	41	0.565328	0.646089
34	398	207	41	0.351664	0.468885
35	399	207	40	0.455195	0.53802
36	400	207	39	0.331552	0.331552
37	401	207	39	0.377908	0.377908
38	402	207	39	0.386431	0.386431
39	403	207	39	0.329	0.329
40	404	208	40	0.456315	0.456315
41	405	208	40	0.377908	0.377908
42	406	208	40	0.391545	0.391545
43	407	208	40	0.386431	0.526861
44	408	208	40	0.433241	0.433241
45	409	209	40	0.291328	0.291328
46	410	208	39	0.647249	0.647249
47	411	209	39	0.650182	0.650182
48	412	209	39	0.756144	0.783772
49	413	208	39	0.713798	0.897244
50	413	208	39	0	0
51	414	207	39	0.43673	0.515241
52	415	207	39	0.541684	0.566861
53	416	207	39	0.524748	0.634557
54	417	208	39	0.674542	0.916482
55	418	209	39	0.565392	0.693149
56	419	209	39	0.489064	0.625908
57	420	209	39	0.433241	0.526861
58	421	209	39	0.541648	0.607348
59	422	210	39	0.246	0.246
60	423	210	39	0	0
61	424	210	38	0.206	0.206
62	425	211	38	0	0
63	426	211	38	0.246	0.246
64	427	211	38	0.377908	0.377908
65	428	211	38	0.301333	0.301333
66	429	211	38	0.5264	0.5264
67	430	211	38	0.461664	0.461664
68	431	210	37	0.628289	0.628289
69	432	209	37	0.331552	0.331552
70	433	208	38	0.301333	0.301333
71	434	209	37	0.329	0.329
72	435	209	37	0.478689	0.566127
73	436	210	37	0.625407	0.84327
74	437	210	37	0.562081	0.772861
75	438	210	37	0.562081	0.816574
76	439	210	37	0.726647	1.01468
77	440	210	37	0.656669	0.91305
78	441	210	37	0.650864	0.865357
79	442	211	36	0.789828	1.09987
80	443	211	36	0.714759	0.985847
81	444	211	36	0.723285	1.08749
82	445	211	36	0.700679	1.01053
83	446	212	35	0.688344	0.942969
84	447	212	35	1.0722	1.67707
85	448	211	35	0.687695	0.876793
86	449	211	35	0.662581	0.933743
87	450	211	35	0.53346	0.747718
88	451	211	35	1.16321	1.41442
89	452	211	35	1.25727	1.48862
90	453	211	35	0.917476	0.981434
91	454	211	34	0.819225	1.05988
92	455	211	34	0.649362	0.862776
93	456	212	34	0.856613	1.16843
94	457	213	34	1.62381	1.99555
95	457	213	34	0	0
96	458	213	33	1.12838	1.40634
97	459	213	33	1.12507	1.49318
98	460	213	33	1.1707	1.4628
99	461	213	33	0.984226	1.13428
100	462	213	33	1.22939	1.4868
101	463	212	33	0.699077	0.960398
102	464	212	33	0.633359	0.964693
103	465	212	33	0.776395	1.18939
104	466	212	33	0.869552	1.24398
105	467	212	33	0.766488	1.33498
106	468	212	33	0.725985	1.03864
107	469	212	32	0.91415	1.3419
108	470	212	32	0.845019	1.34462
109	471	212	32	0.824399	1.17949
110	472	212	32	0.816907	1.32666
111	473	213	32	1.08011	1.56745
112	474	213	31	1.0996	1.66496
113	475	213	31	1.03273	1.42548
114	476	213	30	1.04568	1.44521
115	477	213	30	0.96426	1.56458
116	478	213	30	1.082	1.64073
117	479	213	30	1.04691	1.62638
118	480	213	30	1.04497	1.60665
119	481	213	30	1.05003	1.63586
120	482	213	30	0.948554	1.50363
121	483	213	30	1.00782	1.60022
122	484	214	30	0.842646	1.07738
123	485	214	30	0.611893	0.765727
124	486	213	29	1.03942	1.23378
125	487	213	29	0.581943	0.783405
126	488	213	29	0.77423	1.031
127	489	212	29	1.02389	1.30757
128	490	212	29	0.957383	1.47977
129	491	211	29	0.908535	1.32462
130	492	211	29	0.893344	1.3538
131	493	210	29	0.789476	1.06907
132	494	210	29	0.706314	1.04255
133	495	211	29	0.974908	1.26844
134	496	211	29	0.79404	1.14502
135	497	211	29	0.882652	1.3547
136	498	211	28	0.895125	1.29157
137	499	211	28	1.13376	1.53109
138	500	212	29	0.782362	1.10874
139	501	212	29	1.00794	1.41242
140	502	212	28	0.708706	1.19759
141	503	212	28	0.811543	1.15474
142	504	211	28	1.00277	1.33438
143	505	210	28	1.22564	1.63532
144	506	210	28	1.04548	1.62329
145	507	210	28	1.03081	1.66339
146	508	210	28	1.24015	1.829
147	509	210	27	1.10866	1.72161
148	510	210	27	1.13099	1.66077
149	511	210	26	0.894767	1.442
150	511	210	25	0.968886	1.28188
151	511	210	24	0.799775	0.868834

# 8.02
idx	x	y	z	r_solid	r_surf
0	362	205	39	0.906033	1.648
1	362	205	40	0.954778	0
2	362	205	41	1.1401	1.84372
3	363	205	42	0.948179	1.47875
4	364	205	43	1.04814	1.54486
5	364	205	44	0.934032	1.648
6	364	205	45	0.818712	0

# 9.02
idx	x	y	z	r_solid	r_surf
0	355	167	29	1.89764	2.94226
1	355	168	29	1.8477	3.12018
2	356	169	29	1.63379	2.4335
3	356	170	29	1.54735	2.65903
4	356	171	29	1.52636	2.27423
5	356	172	29	1.33067	2.17149
6	356	173	29	1.24604	1.86451
7	357	174	30	1.06426	1.486
8	357	175	31	1.56028	2.34184
9	357	176	31	1.28661	1.96919
10	358	177	31	1.07548	1.55881
11	358	178	31	1.05355	1.59718
12	359	179	32	1.05946	1.5111
13	360	180	32	0.804786	1.18465
14	361	181	32	0.722599	1.05354
15	361	182	32	0.889809	1.26286
16	360	183	33	0.889944	1.12363
17	360	184	33	0.750021	1.15716
18	360	185	33	1.24773	1.33924
19	361	186	34	1.02612	1.35297
20	362	187	34	0.662253	0.777062
21	363	188	33	0.753528	1.05574
22	363	189	33	0.559462	0.697886
23	363	190	33	0.606822	0.900677
24	363	191	33	0.485086	0.485086
25	363	192	33	0.377908	0.377908
26	363	193	33	0.274667	0.274667
27	362	194	34	0.624047	0.73112
28	361	195	35	0.752971	1.11876
29	361	196	35	0.794681	1.14337
30	361	197	35	0.777803	1.17525
31	361	198	35	0.949767	1.3365
32	361	199	36	0.938858	1.39286
33	361	200	36	1.06145	1.62531
34	361	201	36	1.1042	1.59902
35	361	202	36	1.08348	1.54313
36	362	203	36	1.06055	1.51089
37	362	204	36	1.13327	1.62829
38	362	205	37	1.07086	1.87502
39	362	206	38	1.25919	2.15197

# 10.02
idx	x	y	z	r_solid	r_surf
0	440	272	29	1.13016	1.70319
1	439	271	29	0.991553	1.53242
2	439	270	29	1.05907	1.59187
3	438	269	29	1.03333	1.52129
4	438	268	29	0.995231	1.44643
5	438	267	29	1.32437	1.70195
6	439	266	29	0.459313	0.246

# 11.02
idx	x	y	z	r_solid	r_surf
0	441	274	29	1.38147	1.94877
1	441	275	29	0.952037	1.53242
2	441	276	29	1.08352	1.70419
3	442	277	29	1.08672	1.53242
4	443	278	29	1.19217	1.79965

# 12.02
idx	x	y	z	r_solid	r_surf
0	305	132	27	0.448417	0.448417
1	306	133	27	0	0
2	307	133	27	0.588899	0.588899
3	308	133	27	0.604062	0.616462
4	308	134	27	0.5262	0.55475
5	309	135	28	0.599402	0.742158
6	310	136	28	0.805485	1.15631
7	311	137	28	0.975861	1.32943
8	312	138	29	0.82494	1.15915
9	313	139	29	0.910718	1.38253
10	314	140	29	1.2921	1.76247
11	315	140	29	0.782661	1.21122
12	316	140	29	0.815427	1.11594
13	317	141	29	0.745324	1.02427
14	318	142	29	0.906111	1.33501
15	318	143	29	1.04584	1.58733
16	318	144	29	1.00331	1.33992
17	318	145	29	1.07508	1.26114
18	318	146	29	1.04581	1.65541
19	318	147	29	0.9485	1.35791
20	319	148	29	0.71903	1.05361
21	320	148	29	0.741601	1.19116
22	321	148	29	0.766474	1.03108
23	322	148	29	1.03752	1.5854
24	323	149	29	0.836432	1.15972
25	324	150	29	0.808373	1.09286
26	325	151	29	0.887684	1.1936
27	326	151	29	0.917683	1.51106
28	327	151	29	0.977116	1.41893
29	328	150	29	0.842114	1.1623
30	329	150	29	0.735398	1.05361
31	330	151	29	1.1173	1.74056
32	331	151	29	0.912988	1.241
33	332	151	29	0.763351	1.28345
34	333	151	29	0.773826	1.05964
35	334	152	30	1.1725	1.84492
36	335	152	30	0.733919	1.09134
37	336	152	30	0.724372	0.900818
38	337	153	29	0.800354	1.227
39	338	154	29	0.933686	1.52184
40	339	154	29	0.814483	1.11777
41	339	155	29	0.984786	1.483
42	340	156	29	0.947541	1.45866
43	341	156	29	0.747487	0.94685
44	342	157	29	1.18364	1.24991
45	342	158	30	1.06921	1.63073
46	342	159	30	0.982285	1.36742
47	343	160	29	1.28162	1.24369
48	343	161	30	0.72523	0.641723
49	343	162	30	0.829138	1.11413
50	344	162	30	0.809855	1.52519
51	345	163	30	0.998569	1.44699
52	346	163	30	1.15045	1.84548
53	347	163	30	1.44965	2.30885
54	348	163	30	1.55196	2.48512
55	349	163	30	1.5622	2.29511
56	350	163	30	1.56383	2.24044
57	351	164	29	1.75002	2.72173
58	352	164	29	1.21278	2.42492
59	353	164	29	1.57246	2.65073
60	354	165	28	1.79784	2.79781
61	355	165	28	1.12234	0
62	356	166	28	1.61849	2.7722

# 13.02
idx	x	y	z	r_solid	r_surf
0	357	165	28	1.6328	2.70093
1	358	164	28	1.72993	2.77865
2	359	163	28	1.78492	2.6115
3	360	162	28	1.59155	2.62836
4	361	161	28	1.59903	2.4091
5	362	160	29	1.61271	2.3851
6	363	160	29	1.2394	2.0721
7	364	160	29	1.38664	2.19655
8	365	159	29	1.33996	2.18297
9	366	158	28	1.5592	2.25536
10	367	157	29	1.45762	2.11682
11	368	157	29	1.47264	2.10981
12	369	156	28	1.49472	2.43273
13	370	155	28	1.48372	2.38576
14	371	154	28	1.53581	2.34087
15	372	153	28	1.49783	2.24304
16	373	152	28	1.3591	2.14687
17	374	151	28	1.40206	1.9661
18	375	151	28	1.44302	2.24939
19	376	150	28	1.36393	2.31718
20	377	149	28	1.29026	2.13817
21	378	149	28	1.44263	2.09303
22	379	148	29	1.22367	1.72489
23	379	147	29	1.1574	1.81428
24	380	146	29	1.41053	2.08096
25	381	145	29	1.44699	2.07292
26	382	144	29	1.44293	2.07832
27	383	143	29	1.26588	1.924
28	384	142	29	1.36891	2.11042
29	385	141	28	1.52907	2.42334
30	386	140	28	1.33555	1.94415
31	387	139	28	1.26946	1.93555
32	388	138	28	1.26464	1.7897
33	388	137	28	0.980625	1.62615
34	388	136	28	1.05349	1.52566
35	389	135	29	1.23441	1.81489
36	389	134	29	0.978009	1.56006
37	390	133	29	1.27013	1.84837
38	390	132	29	0.915455	1.33182
39	391	131	30	0.925503	1.44016
40	392	130	30	0.944892	1.38332
41	393	129	30	0.89124	1.34765
42	394	128	30	0.742701	1.03377
43	395	127	30	0.709208	1.13455
44	396	126	29	0.625291	0.706452
45	396	125	29	0.651936	0.793092
46	397	124	30	0.771517	1.11367
47	398	123	30	0.681909	0.953985
48	398	122	30	0.662105	0.917545
49	399	121	30	0.676317	0.95711
50	400	120	30	0.71704	0.983747
51	401	119	30	0.636366	0.921584
52	402	118	30	0.728715	0.958123
53	402	117	30	0.817994	1.3117
54	402	116	30	0.718509	1.06751
55	402	115	30	0.836486	1.06788
56	403	114	31	0.647943	0.868751
57	404	113	31	0.865044	1.243
58	405	112	31	0.612103	0.909421
59	406	111	31	0.763147	1.10347
60	406	110	31	0.771549	0.959708
61	406	109	31	0.715472	1.53242
62	405	108	31	0.700901	1.0104
63	405	107	31	0.885355	1.41304

# 14.02
idx	x	y	z	r_solid	r_surf
0	442	279	29	0.986736	1.53242
1	442	280	29	0.948315	1.6327
2	441	281	30	1.13408	1.80279
3	441	282	30	0.795061	1.45509
4	441	283	30	0.804935	1.22325
5	441	284	30	0.650165	1.01324
6	441	285	30	0.79892	0.992522
7	442	286	31	0.637995	0
8	442	287	31	0.644315	0.824
9	442	288	31	0.758495	1.01594
10	442	289	30	0.821754	1.1861
11	442	290	30	0.867306	1.20137
12	443	291	30	0.967636	1.44147
13	443	292	30	0.840135	1.28345
14	443	293	30	0.979933	1.21122
15	443	294	30	1.06758	1.70709
16	443	295	30	1.11228	1.87772
17	443	296	30	1.12516	1.81646
18	443	297	30	1.13169	1.94695
19	443	298	30	1.17128	1.62707
20	442	298	30	1.03801	1.55968
21	441	299	31	0.998845	1.50351
22	440	299	31	1.03023	1.49168
23	439	300	32	0.785091	1.09326
24	438	301	32	0.686758	1.01235
25	437	302	32	0.698316	1.05627
26	436	303	32	0.698854	0.987383
27	435	304	32	0.626379	0.889285
28	435	305	32	0.798151	1.18285
29	434	306	33	0.900291	1.27426
30	434	307	33	0.919462	1.5251
31	434	308	33	0.814539	1.11141
32	434	309	33	0.752713	1.09834
33	433	310	34	0.776068	1.11849
34	432	311	34	0.68596	0.950948
35	431	311	34	0.76454	1.09134
36	430	311	34	0.972099	1.20211
37	429	311	34	0.959752	1.36227
38	428	312	35	0.830856	1.3136
39	427	313	35	0.710779	1.10486
40	426	313	35	0.593192	0
41	425	313	35	1.00595	1.34301
42	425	313	35	0	0
43	425	314	35	0.759548	1.18001
44	424	315	36	0.916113	1.33444
45	423	316	36	0.755265	1.05201
46	422	317	36	0.550219	0.788009
47	421	317	36	0.584888	0.732861
48	420	317	36	1.01337	1.45257
49	419	318	37	0.593359	0.818502
50	418	318	37	0.634069	1.01467
51	417	318	37	0.94006	1.55486
52	416	319	38	0.629125	0.888422
53	415	319	38	0.719778	1.04064
54	414	319	38	0.801383	0.959708
55	413	319	38	0.822924	1.1896
56	412	319	38	0.941915	1.40973
57	411	318	38	1.08952	1.62289
58	410	318	38	0.910421	1.648
59	409	318	38	0.937854	1.49668
60	408	318	38	1.04237	1.46525
61	407	317	39	0.789317	1.08968
62	406	317	39	0.806195	1.37074
63	405	316	39	0.556522	0.641723
64	404	316	39	0.657831	0.887351
65	403	317	39	0.658024	0.957924
66	402	318	39	0.815261	1.26492
67	402	319	39	0.724657	0
68	402	320	39	0.961631	1.30099
69	401	321	39	0.704338	0.952729
70	400	321	39	0.602114	0.959708
71	399	321	39	0.818074	1.18439
72	398	320	39	1.08435	1.78604
73	397	319	39	0.887091	1.34479
74	397	318	39	0.903528	1.22192
75	396	318	39	0.826011	1.30688
76	395	318	39	0.885615	1.43137
77	394	318	39	1.05291	1.42848
78	393	318	39	1.15428	1.77311
79	392	318	39	1.10485	1.48003
80	391	318	39	0.938529	1.25688
81	390	318	39	1.07039	1.49832
82	389	318	40	1.12415	1.66382
83	388	318	40	0.966607	1.57986
84	387	318	40	1.1209	1.63853
85	386	318	40	1.06965	1.69383
86	385	318	40	0.858274	1.40793

# 15.02
idx	x	y	z	r_solid	r_surf
0	498	155	0	0.206	0.206
1	497	156	0	0.206	0.206
2	496	157	0	0	0
3	496	158	0	0.206	0.206
4	497	159	0	0.206	0.206
5	497	160	0	0.366431	0.366431
6	497	161	0	0.504082	0.472693
7	497	162	0	0.502394	0.494685
8	498	163	0	0.553568	0.685313
9	498	164	0	0.608246	0.739754
10	498	165	0	0.550931	0.658
11	498	166	0	0.558213	0.678937
12	499	167	0	0.599547	0.761357
13	500	168	0	0.716618	0.910674
14	500	169	0	0.863923	1.33791
15	501	170	0	0.920214	1.33655
16	501	171	0	1.01435	1.68726
17	501	172	0	0.881428	1.42497
18	501	173	0	1.68957	2.41041
19	502	174	0	1.31952	2.09751
20	503	175	0	1.2962	2.07948
21	504	176	0	1.1555	1.84059
22	505	177	0	1.26742	1.78183
23	506	177	0	1.12165	1.66591
24	507	178	0	1.0348	1.64126
25	508	179	0	1.08393	1.5063
26	508	180	0	0.836447	1.38421
27	508	181	0	0.938883	1.39755
28	507	182	0	1.43106	2.77232
29	507	183	0	1.41596	2.34618
30	507	184	0	1.28913	1.92954
31	508	185	0	0.87686	1.28108
32	508	186	0	0.862741	1.29138
33	508	187	0	1.00185	1.51523
34	508	188	0	0.961016	1.50968
35	508	189	0	0.937375	1.39863
36	507	190	0	1.03405	1.35056
37	507	191	0	0.608246	0.739385
38	507	192	0	0.484205	0.638639
39	508	193	1	0.790012	1.05392
40	508	194	1	0.673973	1.08057
41	508	195	1	0.644543	0.999631
42	508	196	1	0.714224	1.0538
43	508	197	1	0.861094	1.17933
44	508	198	1	0.821856	1.36326
45	508	199	1	0.765703	1.1293
46	508	200	1	0.762585	1.04804
47	507	201	2	0.699764	0.950623
48	507	202	3	0.841951	1.1079
49	507	203	3	0.610192	0.784321
50	507	204	3	0.441635	0.565148
51	507	205	3	0.559462	0.785236
52	507	206	3	0.668589	0.875961
53	508	207	3	0.577129	0.762596
54	508	208	3	1.10042	1.40054
55	509	208	3	0.812696	1.23563
56	510	209	3	0.878758	1.08761
57	511	210	3	0.6888	1.23
58	511	211	3	0.897513	1.18186
59	511	212	3	1.18992	1.148
60	511	213	3	1.19724	1.6503
61	511	214	3	1.35673	1.96259
62	511	215	4	1.27223	1.90499
63	511	216	4	1.01203	1.77127
64	511	217	4	1.08894	1.71322
65	511	218	4	1.13831	1.60881
66	511	219	5	0.889471	1.60431
67	510	220	6	1.22907	1.71502
68	510	221	6	1.05818	1.96611
69	510	222	6	1.01478	1.52518
70	510	223	7	1.00818	1.3473
71	510	224	7	0.597632	1.28345
72	510	225	7	0.665538	0.808578
73	510	226	7	0.524626	0.632431
74	509	227	7	0.836499	1.12182
75	509	228	7	0.622512	0.793148
76	508	229	8	0.705701	1.04561
77	507	230	9	0.701653	0.899221
78	506	231	10	0.519777	0.854247
79	506	232	10	0.679505	0.95772
80	506	233	11	0.642394	0.889722
81	506	234	11	0.584151	1.06677
82	506	235	11	1.02837	1.67062
83	505	236	12	0.91473	1.26664
84	505	237	12	1.15825	1.64081
85	506	238	11	1.13766	1.98223
86	506	239	11	1.30384	2.18744
87	506	240	12	1.4104	2.07563
88	506	241	12	1.67993	2.68956
89	505	242	12	1.08025	0
90	505	243	12	2.82885	4.01404
91	504	243	12	1.23129	1.90486
92	503	244	13	1.58533	2.72096
93	502	244	13	1.34749	2.13704
94	501	245	14	1.24183	1.86268
95	500	246	15	1.18453	1.82654
96	499	246	15	1.39047	1.91599
97	499	247	15	1.0534	1.66577
98	499	248	16	1.06594	1.68435
99	499	249	16	0.933519	1.45119
100	499	250	17	0.894021	1.54002
101	498	251	18	1.22507	1.29171
102	498	252	18	1.16502	1.31181
103	498	253	19	0	0
104	498	254	19	0.503358	0.206
105	498	255	19	0.530123	0.492924
106	497	256	19	0.753187	0.60271
107	496	257	19	0.472	0.465333
108	495	257	19	1.08726	1.37694
109	494	258	18	1.2234	1.5872
110	493	259	18	1.10772	1.46542
111	492	260	19	1.01565	1.4529
112	492	261	19	0.585769	0.799929
113	491	262	19	0.590319	0.877809
114	490	262	19	1.09757	1.62803
115	490	263	19	0.666317	0.963387
116	489	264	19	1.11501	1.66167
117	489	265	19	0.793293	1.71987
118	489	266	19	0.79511	1.03918
119	488	267	20	0.917143	1.33415
120	487	268	20	1.00444	1.51594
121	486	269	20	0.990166	1.42767
122	485	270	21	0.933216	1.52517
123	484	271	21	0.96897	1.47707
124	483	272	21	0.909675	1.35966
125	483	273	21	0.957748	1.557
126	482	274	21	0.961151	1.34719
127	482	275	21	0.878871	1.2517
128	481	276	21	0.940621	1.36573
129	480	277	21	0.828132	1.27631
130	479	278	21	0.766212	1.21894
131	478	279	21	0.857982	1.21655
132	477	280	22	0.840215	1.18562
133	476	281	22	0.88769	1.23346
134	475	281	22	0.832571	1.1956
135	474	282	22	0.839223	1.29309
136	473	283	23	0.706347	1.04562
137	472	283	23	0.697134	1.139
138	471	283	23	0.812916	1.1495
139	470	282	23	0.873315	1.21433
140	469	281	24	0.653698	0.849368
141	468	281	25	0.539315	0.539315
142	467	281	25	0.618	0.618
143	466	281	24	0.896588	0.735744
144	465	281	24	0.702342	0.568927
145	465	281	24	0	0
146	464	281	24	0.664137	0.664137
147	463	282	25	0.75046	0.737802
148	462	283	25	0.793343	1.04593
149	461	283	25	0.666219	0.932316
150	460	283	25	0.602046	0.81237
151	459	283	26	0.724719	0.930282
152	458	283	26	0.460574	0.452
153	457	284	26	0.788387	1.0865
154	456	284	26	0.656669	0.641723
155	455	284	26	0.877365	1.27421
156	454	285	27	0.980743	1.42586
157	453	285	27	0.960888	1.46524
158	452	285	27	1.13564	1.62239
159	451	286	28	1.12745	1.82415
160	450	287	29	1.05082	1.7255
161	449	288	29	1.1031	1.88425
162	448	289	29	1.52845	2.13046
163	447	289	29	1.09003	1.64019
164	446	288	29	0.90533	1.55435
165	446	288	29	0	0
166	447	287	29	0.815784	0
167	447	286	29	0.900439	1.53242
168	447	285	29	1.04493	1.65713
169	446	284	29	1.28485	2.02986
170	445	284	29	0.82054	1.52519
171	444	283	29	0.87183	1.34795
172	443	282	29	0.687392	0
173	443	281	29	0.735488	0
174	443	280	29	0.727822	1.53242
175	444	279	29	1.32905	1.8594

# 16.02
idx	x	y	z	r_solid	r_surf
0	408	105	31	0.857967	1.2648
1	407	105	31	0.8655	1.53242
2	406	106	31	0.785978	1.3878

# 17.02
idx	x	y	z	r_solid	r_surf
0	405	105	31	0.898099	1.59168
1	404	105	31	1.16152	1.80281
2	403	104	32	1.39879	1.94585
3	403	103	32	1.36803	2.1392
4	403	102	32	1.17554	1.74778
5	404	101	32	1.19815	2.05709
6	404	100	32	1.36392	1.92042
7	403	99	33	1.162	1.74309
8	402	98	33	1.00085	1.45905
9	402	98	33	0	0
10	401	98	33	1.06045	1.74846
11	400	97	33	0.894462	1.29877
12	399	97	33	0.880732	1.14357
13	398	96	33	0.760949	1.01963
14	397	96	33	1.00544	1.50837
15	396	97	33	0.799986	1.14357
16	395	98	33	1.50066	1.93538
17	394	98	33	0.994371	1.38206
18	393	98	33	1.06425	1.57445
19	392	98	33	0.849852	1.21347
20	391	98	33	0.737151	1.00947
21	390	97	34	1.194	1.6008
22	389	97	34	1.04919	1.72411
23	388	97	34	1.477	1.9016
24	387	98	33	0.616912	0.713324
25	386	98	33	0.480146	0.651455
26	385	98	34	0.710168	0.839815
27	384	98	34	0.702982	1.1808
28	383	98	34	0.695857	0.913975
29	382	97	35	0.980645	1.13725
30	381	96	36	1.71197	2.12842
31	380	96	36	0.834303	1.21021
32	379	96	36	0.823592	0.971854
33	378	96	36	0.843943	1.21118
34	377	95	36	0.820058	1.15375
35	377	94	36	1.26939	1.73594
36	376	93	36	1.06343	1.66532
37	375	92	36	1.2248	1.76615
38	375	91	36	1.50469	2.182
39	374	90	37	1.2562	1.75253
40	373	90	37	0.991467	0
41	372	90	37	1.48097	2.2584
42	371	89	37	1.25893	1.94497
43	370	88	38	1.05823	1.51077
44	369	88	38	1.09305	1.54287
45	368	87	38	0.806981	0.950815
46	367	86	38	0.246	0.246

# 18.02
idx	x	y	z	r_solid	r_surf
0	384	317	41	0.915236	1.55252
1	383	316	42	0.695157	0
2	382	316	42	0.657819	0.971854
3	381	316	42	0.732697	0.826967
4	380	316	42	0.843521	0.897439
5	379	315	42	0.754977	0.722061
6	378	315	42	0.636899	0.492
7	377	314	42	0.687832	0.728155
8	376	314	42	0.599416	0.615693
9	375	314	42	0.528574	0.812861
10	374	314	42	0.495906	0.593192
11	373	313	41	0.496581	0.580259
12	372	312	40	1.60862	1.42791

# 19.02
idx	x	y	z	r_solid	r_surf
0	384	318	40	1.05869	1.60346
1	383	318	40	0.782024	1.33438
2	382	319	40	0.781414	1.08414
3	381	319	40	0.740405	0.891275
4	380	319	41	0.509766	0.509766
5	379	319	41	0.386431	0.386431
6	378	319	41	0.550123	0.550123
7	377	319	41	0.550123	0.550123
8	376	319	41	0.366431	0.366431
9	375	318	41	0.492	0.492
10	374	318	41	0.377908	0.377908
11	373	318	41	0.655323	0.66395
12	372	318	42	0	0
13	371	318	42	0.386431	0.386431
14	370	317	42	2.02458	1.34599
15	369	318	41	0.509431	0.610574
16	368	318	41	0.590161	0.877333
17	367	318	41	1.03947	1.54085
18	366	318	41	1.48605	1.76363
19	365	318	41	1.76553	2.64337
20	364	318	41	1.88269	2.44549
21	363	319	42	1.1921	1.44417
22	362	319	42	1.28945	2.0347
23	361	319	42	1.46297	1.98154
24	360	320	42	0.779736	1.26573
25	359	320	42	0.756431	1.14335
26	358	320	42	0.571357	0.897498
27	357	320	42	0.588713	0.751469
28	356	319	42	0.328	0.492
29	355	319	42	0.593617	0.763838
30	354	319	43	0.557441	0.714613
31	353	319	44	0.3456	0.438667
32	352	319	44	0.509336	0.626358
33	351	318	43	0.764284	1.09728
34	350	317	43	0.5904	0.984
35	349	317	43	1.2445	1.67041
36	348	318	44	0.568868	0.605439
37	347	317	44	0.9927	1.39891
38	346	317	44	1.01631	1.52263
39	345	316	44	1.16502	1.74065
40	344	315	44	1.223	1.77737
41	343	314	43	1.60845	2.33662
42	342	314	43	1.44561	2.26575
43	341	314	44	1.51298	2.37818
44	340	314	44	1.24036	1.95731
45	339	314	43	1.14247	1.88242
46	338	314	43	1.0878	1.62477
47	337	314	44	1.15713	2.14651
48	336	314	44	1.26399	2.28266
49	335	314	44	1.35658	2.24818
50	334	314	44	0.83388	1.2833
51	333	314	44	0.759951	1.09395
52	332	314	44	0.791774	1.10738
53	331	315	45	0.558819	0.678069
54	330	315	45	0.505945	0.206
55	329	315	45	0.620899	0.620899
56	328	314	45	0	0

# 20.02
idx	x	y	z	r_solid	r_surf
0	409	105	31	0.66016	1.14229
1	410	104	31	0.790324	0.512095
2	411	103	31	1.16663	1.09908
3	412	103	31	0	0
4	413	103	30	0.206	0.206

# 21.02
idx	x	y	z	r_solid	r_surf
0	458	114	23	0.58878	0.763285
1	457	114	23	0.7076	0.995582
2	456	114	24	0.621764	0.847171
3	455	114	24	0.950734	1.56623
4	454	114	24	0.928527	1.35656
5	453	114	24	0.929361	1.4192
6	452	113	24	0.71531	0.981625
7	451	113	24	0.927079	1.41196
8	450	113	24	1.05177	1.2978
9	449	114	25	1.3073	1.74254
10	448	113	25	1.24971	1.55369
11	447	113	25	0.719956	1.06677
12	446	113	25	1.41357	1.88178
13	445	112	25	1.20988	1.75941
14	444	112	25	1.51031	2.22816
15	443	111	26	0.922225	1.32591
16	442	111	26	0.698091	1.12158
17	441	111	26	1.70095	2.29912
18	440	110	26	1.3336	2.5145
19	439	109	26	1.66444	2.27156
20	439	108	26	1.01371	1.3673
21	438	107	26	0.852089	0.868926
22	437	106	27	1.16276	1.11488
23	436	105	27	0.246	0.246
24	435	104	27	0.246	0.246
25	434	104	27	0.489945	0.489945
26	433	105	27	1.19774	0.656132
27	432	105	27	0.671328	0.818911
28	431	106	27	2.1336	2.37298
29	430	106	27	1.80685	2.2559
30	429	106	27	1.85673	2.38793
31	428	106	27	2.00177	2.14568
32	427	106	27	2.02192	2.43061
33	426	106	27	0.93396	0.920657
34	425	106	28	1.05496	1.25373
35	424	106	28	0.646332	1.12703
36	423	106	28	0.646332	1.01294
37	422	106	28	0.617536	0.853857
38	421	107	29	0.965202	1.32922
39	421	108	29	1.29477	1.6872
40	420	109	28	2.33209	2.31551
41	419	109	28	1.2388	1.68036
42	418	109	28	1.34798	1.31901
43	417	109	29	1.08242	1.47039
44	416	109	29	1.15526	1.67163
45	415	109	29	1.49972	2.00473
46	414	109	29	1.57475	2.09239
47	413	109	29	2.59039	2.80063
48	412	108	30	0.724515	1.03715
49	411	107	30	0.726927	0.919301
50	410	106	31	0.632203	0.924191

# 22.02
idx	x	y	z	r_solid	r_surf
0	459	114	23	0.469055	0
1	460	115	23	0.705833	0.893588
2	460	116	23	0.587642	0.959708
3	460	117	23	0.769919	1.16693
4	460	118	23	0.871432	1.22869
5	460	119	23	0.84097	1.13592
6	460	120	23	0.817275	1.05773
7	461	121	22	0.751099	1.02746
8	462	122	22	0.814512	1.16867
9	463	123	21	0.841014	1.19624
10	464	123	21	0.773343	1.11442
11	465	123	21	0.865387	1.21891
12	466	124	21	0.854746	1.21678
13	467	125	20	0.717525	0.990331
14	468	125	20	1.19167	1.92918
15	469	126	20	0.720648	1.01608
16	470	126	20	0.666205	1.01324
17	471	126	20	0.959444	1.35225
18	472	127	19	0.805236	1.12942
19	473	127	19	0.942322	1.31336
20	474	128	19	0.883047	0
21	474	129	19	0.775366	1.14925
22	475	130	19	0.663213	0.903269
23	476	130	19	0.821464	1.16016
24	477	129	19	0.698128	0.914683
25	478	128	19	0.704079	0.779385
26	479	127	19	0.869435	1.03158
27	480	127	19	0.588622	0.739754
28	481	126	19	0.492	0.492
29	482	126	19	0.301333	0.206
30	483	127	18	1.03247	1.4229
31	483	128	18	1.16881	1.31122
32	482	129	18	0.508076	0.652574
33	482	130	18	0.642017	0.642017
34	481	131	18	0.782506	0.79567
35	482	132	18	0.493087	0.578195
36	483	133	18	0.443542	0.542313
37	484	134	17	0.3456	0.438667
38	485	134	17	0.540931	0.618206
39	486	134	17	0.391545	0.489431
40	487	134	17	0.638	0.638
41	488	134	17	0.914215	0.750532
42	489	134	17	0.948384	0.809432
43	490	134	16	0.544879	0.707007
44	491	134	16	0.801807	1.03402
45	492	133	15	0.84468	1.02086
46	493	132	16	1.2767	1.67377
47	493	132	16	0	0
48	494	132	16	0.925372	1.3413
49	495	133	16	0.982676	1.49736
50	495	134	16	0.90985	1.53242
51	496	134	16	0.96691	1.54129
52	497	135	16	0.857344	1.31644
53	498	136	15	1.14637	1.85336
54	499	136	15	0.847914	1.25416
55	500	137	15	0.876965	1.28633
56	501	138	14	0.886514	1.38756
57	502	138	13	1.06909	1.37916
58	503	138	13	0.749323	1.07118
59	504	139	14	0.771925	1.01617
60	505	139	14	0.842402	1.2478
61	506	140	14	0.862602	1.16562
62	507	141	14	0.745391	1.476
63	508	141	14	0.691241	0.979312
64	509	141	14	0.928703	1.42617
65	510	141	13	0.824968	1.13925
66	511	142	12	0.704332	1.07579
67	511	142	11	0.699597	0.945304
68	511	142	10	0.577539	0.609624
69	511	143	9	0.206	0.206

# 23.02
idx	x	y	z	r_solid	r_surf
0	460	113	23	0.532015	0.671941
1	461	112	23	0.43673	0.612189
2	462	112	23	0.559873	0.702482
3	463	112	23	0.661113	0.885754
4	464	112	23	0.722511	0.997547
5	465	113	22	0.658992	0.866813
6	466	114	22	0.984402	1.07389
7	467	114	22	0.843046	1.13289
8	468	114	22	0.973523	1.35391
9	469	114	22	1.01216	1.47839
10	470	114	22	1.27276	1.67536

# 24.02
idx	x	y	z	r_solid	r_surf
0	471	113	22	0.869139	1.2996
1	472	112	22	0.93978	1.60796
2	472	111	22	0.875588	1.24193
3	473	110	22	0.758615	1.00162
4	474	109	22	0.486403	0.55509
5	475	108	22	0.246	0.246
6	476	108	22	0.45408	0.45408
7	477	107	22	0	0
8	478	107	22	0.301333	0.301333
9	479	106	22	0.246	0.246
10	480	106	22	0.301333	0.301333
11	481	106	22	0	0

# 25.02
idx	x	y	z	r_solid	r_surf
0	472	114	22	1.21328	1.83033
1	473	114	22	0.999638	1.55782
2	474	114	22	0.886928	1.35062
3	475	114	22	0.781931	1.139
4	476	114	22	0.69499	0.951328
5	477	113	22	0.577129	0.702159
6	478	113	22	0.666205	0.922569
7	479	113	22	0.659068	0.937425
8	480	113	22	0.595078	0.804608
9	481	112	23	0.717115	0.95604
10	482	112	23	0.541684	0.492
11	483	112	23	0.511012	0.624139
12	484	111	23	1.3312	1.9571
13	485	111	23	0.704779	0.915358
14	486	111	23	0.767661	0.808477
15	487	111	23	0.616217	0.641723
16	488	111	23	0.630637	0.897498
17	489	111	23	0.646094	0.916258
18	490	110	23	0.858332	1.27658
19	490	109	22	0.728002	1.08968
20	490	108	22	1.36407	2.09461
21	491	107	22	1.22148	1.72613
22	491	107	22	0	0
23	492	106	22	1.15911	1.5751
24	493	106	22	1.05309	1.48276
25	494	107	22	0.796958	1.12171
26	495	108	22	0.830868	1.00117
27	496	108	22	0.602114	0.783405
28	497	108	22	0.800443	1.0279
29	498	108	22	0.947444	1.20481
30	499	108	22	0.697477	0.984
31	500	108	22	0.686168	1.05807
32	501	108	22	0.776754	1.14563
33	502	107	22	1.1683	1.66478
34	502	106	22	0.858295	1.18104
35	503	105	21	0.859396	1.54204
36	503	104	21	1.0289	1.43773
37	504	103	21	0.649209	0.924074
38	505	102	21	0.620397	0.854038
39	506	101	22	0.531641	0.601617
40	507	101	22	0.301333	0.206
41	508	100	21	0.58977	0.58977

# 0.03
idx	x	y	z	r_solid	r_surf
0	45	131	8	1.28733	1.19293
1	46	132	9	0	0
2	47	132	9	0.538238	0.56629
3	48	131	9	0.657682	0.757845
4	49	130	9	0.82631	0
5	50	130	9	0.53346	0.641723
6	51	130	9	0.588731	0.810031
7	52	129	9	0.598834	0.790124
8	52	128	9	1.00833	1.49257
9	51	127	10	0.749169	1.384
10	50	127	10	1.07567	1.48564
11	50	127	10	0	0
12	50	127	10	0	0
13	51	126	10	0.808371	1.1811
14	52	125	10	0.626397	0.903501
15	53	124	11	0.876227	1.24718
16	54	123	11	1.12698	1.60039
17	55	122	12	0.735771	1.08584
18	56	121	12	0.750671	1.09107
19	57	120	11	0.668485	1.16459
20	58	120	11	1.05071	1.75986
21	59	119	11	0.738785	1.01781
22	60	119	11	0.858331	1.17942
23	61	118	11	0.784034	1.52519
24	62	117	11	1.17345	1.63075
25	63	117	10	0.888766	1.19797
26	64	117	10	1.14165	1.69324
27	65	116	10	1.22271	1.84083
28	66	115	11	1.23568	1.8866
29	67	115	11	1.31349	2.10789
30	68	114	11	1.12438	1.64282
31	69	113	11	1.0281	1.43412
32	70	113	11	0.996425	1.77393
33	71	113	11	1.03234	1.6669
34	72	113	11	1.34101	2.07646
35	73	114	11	1.16067	1.67437
36	74	114	11	0.934872	1.48204
37	75	114	11	0.831581	0
38	76	114	11	0.93755	1.24849
39	77	114	12	0.903027	1.39898
40	78	114	13	0.860834	1.14454
41	79	114	13	0.394954	0.309
42	80	113	13	0.562142	0.583591
43	81	112	13	0.43673	0.582656
44	81	111	13	1.09824	1.44657
45	82	110	14	0.607678	0.810031
46	82	109	14	1.00844	1.5163
47	83	108	13	0.898364	1.24979
48	83	107	13	0.914874	1.57986
49	83	106	13	1.32206	1.90862
50	83	106	13	0	0
51	84	105	13	1.15769	1.75375
52	85	105	13	1.01336	1.49975
53	86	104	14	1.25432	1.86204
54	86	103	14	1.26362	1.94808
55	87	102	15	1.35979	1.9027
56	87	101	15	1.18444	1.89617
57	87	100	15	1.10128	1.83728
58	87	99	15	0.940658	1.40039
59	88	98	16	1.12193	1.63925
60	89	97	16	1.02025	1.48195
61	90	96	17	0.888701	1.34704
62	90	95	18	1.00731	1.27474
63	90	94	18	0.985822	1.06043
64	90	93	18	1.01423	1.55934
65	90	92	18	0.745893	1.01212
66	90	91	18	0.437931	0.591815
67	89	90	19	0.715441	1.00121
68	88	90	20	0.963508	1.46184
69	87	90	21	1.01611	1.57968
70	87	90	22	0.779271	1.16112

# 1.03
idx	x	y	z	r_solid	r_surf
0	83	73	25	0.59627	0.770609
1	82	73	25	0.662979	1.04441
2	81	74	25	0.617801	0.760592
3	81	75	25	0.423861	0.423861
4	81	76	25	0.206	0.206
5	81	77	24	0.509766	0.509766
6	81	78	24	0	0
7	81	79	24	0.328	0.328
8	81	80	24	0.441635	0.546861
9	81	81	24	0.68703	0.980875
10	81	82	24	0.684009	0.91305
11	81	83	24	0.678491	1.15961
12	82	84	23	0.939602	1.43812
13	83	85	22	0.815366	1.14045
14	84	86	22	1.1642	1.66325
15	84	87	22	0.967772	1.4868
16	85	88	22	1.10051	1.76127
17	86	89	22	0.869311	0

# 2.03
idx	x	y	z	r_solid	r_surf
0	87	89	23	0.723998	1.39505
1	88	89	24	0.815716	0
2	89	89	25	0.902128	1.61697
3	90	88	26	0.82015	1.39594

# 3.03
idx	x	y	z	r_solid	r_surf
0	84	73	26	0.608177	0.868212
1	85	73	26	0.500191	0.661279
2	86	74	27	0.515091	0.515091
3	86	75	27	0.206	0.206
4	87	76	26	1.08772	1.07817
5	88	77	27	0.839385	0.645429
6	89	78	28	0.579878	0.713182
7	89	79	28	0.743	0.963382
8	90	80	28	1.06464	1.45227
9	90	81	27	0.979068	1.48514
10	90	82	27	0.833827	1.41107
11	90	83	27	0.895181	1.4019
12	90	84	27	0.6861	0.897498
13	91	85	27	1.0361	1.28959
14	91	86	27	0.709679	1.13389
15	90	87	26	0.39397	0
16	90	87	25	0.862661	1.27254

# 4.03
idx	x	y	z	r_solid	r_surf
0	65	41	23	0	0
1	66	42	23	0	0
2	67	43	23	0	0
3	68	44	24	1.49019	1.49019
4	69	45	24	1.88205	1.92151
5	70	46	24	1.43693	1.03933
6	71	47	24	1.24903	1.2181
7	72	48	25	1.16584	1.4049
8	73	49	25	1.0078	1.401
9	73	50	25	0.690515	0.820924
10	73	51	25	0.958785	1.25464
11	74	52	26	0.707694	0.916312
12	74	53	26	0.870198	1.3729
13	75	54	26	0.72751	0.986772
14	75	55	26	0.65595	0.889401
15	75	56	26	0.730677	0.887218
16	75	57	26	0.476954	0.612431
17	75	58	26	0.446574	0.453489
18	74	59	26	0.701804	0.903406
19	74	60	26	0.564264	0.66637
20	75	61	26	0.958158	1.05397
21	76	62	27	0.58227	0.58227
22	76	62	27	0	0
23	77	62	27	0.421489	0.421489
24	78	63	27	0.377908	0.377908
25	79	64	27	0.75446	0.768552
26	80	64	27	0	0
27	80	65	27	0.840576	0.982534
28	81	66	27	0.769917	1.09013
29	82	67	27	0.648343	0.937789
30	82	68	27	0.944997	1.36215
31	83	69	26	0.645411	0.90375
32	83	70	26	0.80333	1.14259
33	83	71	26	1.01906	1.53898
34	83	72	26	1.03468	1.60441

# 5.03
idx	x	y	z	r_solid	r_surf
0	91	89	26	0.775119	1.04164
1	92	88	27	0.612332	0.879976
2	93	88	28	0.936448	0.974064
3	94	89	28	0.480292	0.480292
4	95	90	28	0.391545	0.391545
5	96	91	28	0.649731	0.821747
6	97	92	29	0.619856	0.834598
7	97	93	29	1.00475	1.34106
8	96	94	29	0.796415	0.930231
9	96	95	28	0.68928	1.02278
10	96	96	28	0.769067	1.29669
11	96	97	28	0.880049	1.34265
12	96	98	29	0.916037	1.33383
13	96	99	29	0.928866	1.44741
14	97	100	29	1.15456	1.7398
15	97	101	29	0.976498	1.57986
16	97	102	29	0.971984	1.49668
17	97	103	29	1.07873	1.5487
18	98	104	30	0.780611	1.30688
19	98	105	30	0.894448	1.32874
20	99	106	30	0.876074	1.75021

# 6.03
idx	x	y	z	r_solid	r_surf
0	61	26	22	0.498917	0.585751
1	60	27	23	0.63894	0.738754
2	60	28	23	0.246	0.246
3	60	29	23	0.246	0.246
4	61	30	22	0.274667	0.274667
5	62	31	23	0.458553	0.458553
6	63	32	24	0	0
7	64	33	23	0.554905	0.554905
8	64	34	23	0.453386	0.453386
9	63	35	22	0.485095	0.485095
10	63	36	23	0.351241	0.351241
11	64	37	23	0.291328	0.291328
12	63	38	23	0.386431	0.386431
13	64	39	23	0.391545	0.391545
14	65	40	23	0	0

# 7.03
idx	x	y	z	r_solid	r_surf
0	66	40	23	0	0
1	67	39	23	0	0
2	68	38	23	0.566628	0.566628
3	69	38	24	0.331552	0.331552
4	70	38	24	0.206	0.206
5	70	37	24	0.391545	0.391545
6	69	36	24	0.407545	0.407545
7	69	35	24	0.386431	0.386431
8	68	34	24	0	0

# 8.03
idx	x	y	z	r_solid	r_surf
0	100	105	31	0.60524	0
1	101	104	31	0.86809	1.4924
2	102	104	31	0.619691	0.959708
3	103	104	31	0.868836	1.09049
4	104	103	31	0.899562	1.41488
5	105	103	31	1.239	1.70943
6	105	102	31	0.799994	1.2469
7	106	101	32	1.01126	1.47127
8	106	100	32	0.746353	1.17511
9	106	99	32	0.720812	0.992141
10	107	98	32	0.806775	1.16455
11	108	97	33	1.05172	1.55962
12	108	96	33	0.997688	1.35889
13	109	95	33	1.00455	1.42238
14	110	94	33	0.930874	1.3256
15	111	93	33	0.87834	1.38789
16	112	93	33	0.757041	1.17511
17	113	93	33	0.622588	0.803542
18	114	92	34	0.782172	0.843537
19	114	91	34	1.19537	1.27998
20	115	90	34	0.301333	0.301333
21	116	89	35	0.611567	0.611567
22	116	88	35	0.586289	0.586289
23	116	87	35	0.44442	0.44442
24	115	86	36	1.20451	1.20124
25	115	85	36	0.76569	0.973382
26	114	84	35	0.87528	1.19475
27	114	83	36	0.898493	1.44071
28	114	82	36	0.720841	0.893216
29	115	81	37	0.908078	1.37926
30	115	80	38	0.949766	1.31029
31	115	79	38	0.839245	1.31775
32	116	78	38	1.00463	1.46725
33	117	77	39	1.28195	1.86039
34	117	77	39	0	0
35	118	77	39	1.11261	1.62934
36	119	77	40	1.132	1.78173
37	120	76	41	1.3201	2.05577
38	121	75	42	1.22407	1.74908
39	121	74	42	1.20638	2.24603
40	121	73	42	1.30693	1.97774
41	122	72	43	1.05648	2.0059
42	123	71	43	1.54802	2.17507
43	123	70	44	1.50709	2.23643
44	123	70	45	1.55239	2.27441
45	122	70	46	1.14013	1.74577
46	122	70	47	1.25557	1.86638
47	122	69	48	1.20856	1.83021
48	122	69	49	1.10207	1.76307
49	122	69	50	1.23114	1.67758
50	121	70	51	1.07713	1.5042
51	120	71	52	0.834665	1.03944
52	120	72	53	0.576516	0.575748
53	119	73	54	0.448417	0.448417
54	120	74	55	0.679356	0.85026
55	120	75	55	0.837812	1.09074
56	121	76	56	0.78568	1.1935
57	122	77	57	0.739035	0.985541
58	121	78	58	0.651982	0.962942
59	121	78	59	0.633479	0.832406
60	121	78	60	0.504711	0.604282
61	122	78	61	0.206	0.206

# 9.03
idx	x	y	z	r_solid	r_surf
0	114	128	30	0.503788	0
1	114	127	30	0.952146	1.37556
2	113	126	30	0.95889	1.54738
3	112	125	30	1.06923	1.79267
4	111	124	30	1.10692	1.8473
5	110	123	30	1.15114	1.63009
6	109	122	30	1.05554	1.67828
7	108	121	30	0.900722	1.29506
8	107	120	29	0.919344	1.41919
9	107	119	29	1.01277	1.55389
10	107	118	29	1.13881	1.80589
11	107	117	29	1.02371	1.36204
12	107	116	28	1.00286	1.43976
13	107	115	28	0.721985	0.905819
14	106	114	29	0.924571	1.72844
15	105	113	30	0.891969	1.21822
16	104	112	30	1.0135	1.48795
17	103	111	30	1.05072	1.58233
18	102	110	30	1.03266	1.94984
19	101	109	31	0.821927	1.33032
20	100	109	31	0.661333	0.900818
21	99	108	30	1.09977	1.56305
22	99	107	30	0.992827	0

# 10.03
idx	x	y	z	r_solid	r_surf
0	62	25	23	0.59917	0.888395
1	63	26	23	0.585406	0.775081
2	63	27	23	0.433241	0.546861
3	64	28	23	0.391532	0.391532
4	65	29	24	0.351241	0.351241
5	66	30	24	0.246	0.246
6	67	31	23	0.381298	0.381298

# 11.03
idx	x	y	z	r_solid	r_surf
0	61	24	23	0.814866	1.11752
1	62	23	23	0.646319	0.946207
2	63	22	23	0.461664	0.605439
3	63	21	23	0.489064	0.625908
4	63	20	23	0.394954	0.488574
5	62	19	22	0.500359	0.43385
6	62	18	22	0.432	0.432
7	62	17	22	0.206	0.206
8	61	16	22	0.351241	0.351241
9	60	15	21	0.43385	0.43385
10	59	14	22	0.633429	0.633429
11	58	15	22	0	0
12	58	16	22	0.686667	0.686667
13	57	16	22	1.03	1.03
14	56	16	22	0.66981	0.66981
15	56	15	21	0.206	0.206
16	56	14	21	0.47014	0.447452
17	55	13	21	0.828336	0.996302
18	54	12	21	1.05076	1.44016
19	53	11	21	0.77696	1.10116
20	52	10	21	0.720989	0.983523
21	51	9	21	0.869336	1.29967
22	51	8	21	1.16144	1.66855
23	52	7	21	1.04534	1.52058
24	52	6	21	1.00373	1.54952
25	52	5	21	2.33666	2.39394
26	51	4	22	1.29739	1.79554
27	51	3	22	0.610414	1.11
28	51	2	22	2.20708	2.46802
29	50	1	23	0.696868	0.842443
30	49	0	23	1.61134	1.61134

# 12.03
idx	x	y	z	r_solid	r_surf
0	114	129	30	0.696613	1.17472
1	115	130	30	0.76722	1.06147
2	116	130	30	0.775625	0.954718
3	117	130	30	0.93181	1.2729
4	117	130	30	0	0
5	118	131	30	0.758164	0.96297
6	119	132	30	0.875459	1.26951
7	120	132	30	1.00609	1.39091
8	121	133	30	1.02351	1.31532
9	122	134	30	1.05901	1.59529
10	123	135	30	1.40237	2.13065
11	123	136	30	0.733988	1.03371
12	124	137	29	1.0366	1.3603
13	125	138	29	0.722578	0.922237
14	126	139	30	0.906811	1.18558
15	127	139	29	0.832156	1.35044
16	128	139	29	1.03039	1.25688
17	129	139	29	1.27934	2.09767
18	130	139	29	1.14508	1.56464
19	131	139	29	1.12279	1.51544
20	132	140	30	0.946466	1.43057
21	133	141	30	0.953191	1.34045
22	134	142	29	1.11329	1.66296
23	135	143	29	1.04684	1.7214
24	136	144	29	1.31707	1.8626
25	137	144	29	1.19293	2.01291
26	138	144	29	1.12947	1.57986
27	139	144	29	0.903572	1.44505
28	140	144	29	0.812469	1.10529
29	141	145	29	0.958474	1.24518
30	142	146	29	1.54904	2.44161
31	143	146	29	0.761364	1.03464
32	144	147	29	1.03991	1.12437
33	145	148	29	1.29074	2.01652
34	146	148	29	0.71397	0.956457
35	147	149	30	0.82329	1.14631
36	147	150	30	0.719778	0
37	147	151	30	1.40692	2.36417
38	148	152	30	0.976915	1.67334
39	148	153	30	1.32501	1.91921
40	149	154	29	0.960248	1.5665

# 13.03
idx	x	y	z	r_solid	r_surf
0	63	161	34	0	0
1	64	161	34	0.206	0.206
2	65	160	34	0.366431	0.366431
3	66	159	34	0.408287	0.408287
4	67	158	34	0	0
5	67	157	34	0.430206	0.430206
6	68	156	34	0.206	0.412
7	69	156	34	0.460574	0.518146
8	70	155	34	0.512394	0.638357
9	71	154	34	0.632967	0.861693
10	72	154	34	1.04805	1.33713
11	72	153	34	0.843009	1.32205
12	72	152	34	0.825017	1.13763
13	73	151	33	0.964375	1.41984
14	73	150	33	0.643204	0.75751
15	74	149	33	0.735039	0.990978
16	75	148	33	0.688703	0.920199
17	75	147	33	0.803238	1.07209
18	76	146	32	0.672974	0.879089
19	77	145	31	0.447474	0.528865
20	78	145	31	0.559564	0.716489
21	79	144	32	0.734865	0.977561
22	80	143	33	0.659057	0.930363
23	81	143	33	0.54821	0.632885
24	81	142	33	0.481755	0.63451
25	82	141	32	0.655274	0.967807
26	83	140	32	0.569821	0.772962
27	84	139	32	0.531921	0.702159
28	84	138	32	0.456646	0.565148
29	85	137	32	0.49172	0.63451
30	85	136	32	0.437931	0.515241
31	86	135	32	0.49172	0.573673
32	86	134	32	0.419908	0.526861
33	87	133	32	0.379731	0.379731
34	87	133	32	0	0
35	88	132	33	0.329	0.329
36	89	131	32	0.386431	0.386431
37	89	130	32	0.423396	0.423396
38	90	129	31	0.569521	0.583741
39	91	128	31	0.481829	0.599744
40	92	128	31	0.489431	0.649861
41	93	128	31	0.621715	0.931854
42	94	128	31	0.641946	0.971854
43	95	128	31	0.78036	1.08751
44	96	128	31	0.948531	1.22604
45	97	127	30	0.94475	1.37242
46	98	127	30	0.918923	1.31439
47	99	126	30	1.16539	1.63
48	100	126	30	1.10097	1.70076
49	101	126	30	1.13772	1.89378
50	102	126	30	1.11719	1.73479
51	103	126	30	1.03489	1.64954
52	104	126	30	0.828183	1.12385
53	105	125	29	1.12293	1.58728
54	106	125	29	0.811997	1.22685
55	107	125	29	0.684415	0
56	108	126	30	0.791954	1.2667
57	109	126	30	0.63149	1.06677
58	110	126	30	0.575337	0
59	111	127	30	0.786004	1.31847
60	112	128	30	0.674086	1.05648
61	113	129	29	0.731148	1.05228

# 14.03
idx	x	y	z	r_solid	r_surf
0	150	155	30	0.567781	1.06677
1	151	154	30	0.890531	1.81965
2	152	154	30	0.834065	1.33213
3	152	154	30	0	0
4	153	154	30	0.631789	0.93148
5	154	154	30	0.391545	0.391545
6	155	155	30	0	0

# 15.03
idx	x	y	z	r_solid	r_surf
0	150	156	30	1.4091	1.63723
1	151	157	30	0.673687	0.991803
2	152	158	30	0.423396	0.508076
3	153	159	30	0.246	0.246
4	153	160	30	0.772795	0.772795
5	152	161	30	1.1703	1.14978
6	152	162	30	0.817391	0.817391
7	152	163	30	0.673717	0.673717
8	152	164	30	0.512542	0.593192
9	153	165	30	0.799252	1.10084
10	154	166	30	0.951125	1.21892
11	154	167	30	0.866017	1.18233
12	154	168	31	0.653661	0.854993
13	154	169	31	0.391545	0.301333
14	155	170	31	0.783226	0.889897
15	156	171	31	0.633275	0.778723
16	157	172	31	0.696725	1.0582
17	158	172	31	0.840809	1.3884
18	159	172	31	1.23353	1.81522
19	160	173	31	0.895018	1.28069
20	161	174	31	0.797975	1.1807
21	162	174	31	1.3015	2.09661
22	163	175	31	0.772964	1.09849
23	164	176	31	0.629583	0.902101
24	165	176	31	1.29835	2.10446
25	166	177	31	0.816163	1.13604
26	167	178	32	0.633706	0.909421
27	168	178	32	0.801928	1.15972
28	169	178	32	0.96148	1.12703
29	170	178	32	1.12206	1.75128
30	171	179	32	1.02137	1.65402
31	172	180	32	1.14581	1.77048
32	173	180	32	1.01438	1.56176
33	174	181	32	0.975892	1.42234
34	175	182	32	1.06531	1.65899
35	175	183	32	1.14394	1.69114
36	176	184	32	1.1412	1.5865
37	177	185	32	1.24386	1.88347
38	178	186	32	1.26684	1.71134
39	179	187	32	0.941102	1.46831
40	180	188	32	0.848646	1.23517
41	180	189	32	0.80141	1.28345
42	180	190	32	1.33313	1.93022
43	181	191	32	0.744638	1.26492
44	182	192	32	0.779969	1.14858
45	182	193	32	1.01856	1.39356
46	181	194	32	0.79854	1.15477
47	180	195	32	1.21019	1.54038
48	180	196	32	0.819439	1.16926
49	181	197	32	0.844881	1.37935
50	182	198	32	0.990715	1.33438
51	182	199	32	1.12229	1.55392
52	183	199	32	1.10661	1.76658
53	184	200	32	1.06838	1.59914
54	185	201	32	1.27217	1.73357
55	186	201	32	0.950035	1.3943
56	187	202	32	0.904291	1.31647
57	187	203	32	1.20456	1.86149
58	188	204	32	1.07209	1.71027
59	189	205	32	1.18563	1.7688
60	189	206	32	1.20862	1.80362
61	190	207	32	1.09135	1.56621
62	191	207	32	1.06491	1.56068
63	192	208	32	1.10514	1.78454
64	193	209	32	1.128	1.48407
65	193	210	32	1.15763	1.59944
66	193	211	32	1.08807	1.89713
67	193	212	32	0.762077	1.39106
68	194	213	33	1.1449	1.61319
69	195	213	32	0.897548	1.43132
70	196	213	32	1.34866	1.88375
71	197	214	32	1.01766	1.34795
72	198	215	32	1.67679	2.35777
73	199	215	32	1.53039	2.16534
74	200	216	31	1.6123	2.75856
75	201	216	30	1.60091	2.61239
76	201	216	29	1.76215	2.66092
77	202	217	28	1.85524	2.90659

# 16.03
idx	x	y	z	r_solid	r_surf
0	202	218	27	1.80326	2.77107
1	201	219	27	1.40935	2.39061
2	201	220	27	1.40792	2.00503
3	200	221	26	1.32094	1.93511
4	200	222	25	1.58672	2.21422
5	200	223	25	1.24857	2.00073
6	199	224	25	1.36493	2.08751
7	198	225	25	1.24519	1.9753
8	198	226	25	1.23317	1.87213
9	197	227	25	1.20436	1.74789
10	196	228	24	1.35377	2.01543
11	196	229	24	1.24985	1.86736
12	195	230	23	1.33487	1.92305
13	195	231	23	1.36703	2.24784
14	194	232	23	1.26078	1.80662
15	194	233	23	1.17912	1.968
16	194	234	23	1.38823	2.04354
17	193	235	23	1.29297	1.92737
18	193	236	23	1.39296	2.10318
19	192	237	23	1.2708	1.77858
20	192	238	23	1.22046	1.96504
21	192	239	23	1.37893	2.09007
22	192	240	23	1.51749	2.30914
23	192	241	23	1.31391	2.15664
24	192	242	23	1.34766	2.1187
25	191	243	23	1.64279	2.67793
26	191	244	23	1.14491	2.13354
27	191	245	23	1.2645	2.32394
28	191	246	23	1.68012	2.40127
29	190	246	23	0.918748	0
30	189	246	23	1.50334	2.19547
31	188	247	24	1.68321	2.73316
32	188	248	24	1.54819	2.72142
33	187	249	24	1.52086	2.37365
34	186	250	25	1.66248	2.41251
35	185	249	25	1.57478	2.62685
36	184	249	25	1.31135	2.56689
37	183	249	25	1.52024	2.14436
38	182	250	26	1.49025	2.32069
39	181	250	26	1.4074	2.12579
40	180	250	27	1.22772	2.07489
41	179	250	28	1.38792	1.85314
42	178	250	28	1.17378	1.79425
43	177	250	28	1.16949	1.64672
44	176	250	28	1.24735	2.2293
45	175	250	28	1.23757	1.76554
46	174	250	29	1.01937	1.52519
47	173	250	30	1.12009	1.48202
48	172	250	30	0.774936	1.25972
49	171	250	30	1.02755	1.45013
50	170	251	30	0.969863	1.44953
51	169	252	30	0.932782	1.50294
52	168	252	30	1.10492	1.70778
53	167	252	30	1.16279	1.66245
54	166	252	30	1.03417	1.46852
55	165	252	30	1.0623	1.43046
56	164	253	31	1.17598	1.95252
57	163	254	32	1.2001	1.73615
58	162	254	32	1.08472	1.63721
59	161	254	32	1.03682	1.70515
60	160	254	32	1.08304	1.46743
61	159	253	33	1.32351	2.0146
62	158	253	33	1.17172	1.92253
63	157	254	33	1.15836	1.75933
64	156	254	33	0.989213	1.57986
65	155	254	33	1.13851	1.88402
66	154	253	33	0.79049	0
67	153	252	33	1.30305	1.75284
68	152	252	33	1.34943	1.86886
69	151	253	33	1.15851	1.62649
70	151	254	33	0.779522	1.16598
71	150	255	34	1.03647	1.44068
72	149	255	34	0.979027	1.71987
73	148	255	34	1.02346	1.39332
74	147	255	34	1.10796	1.84743
75	146	255	34	1.09985	1.62889
76	145	254	35	1.43396	1.90328
77	144	254	35	1.18502	1.664
78	143	255	35	1.10502	1.63257
79	142	255	35	1.02885	1.4903
80	141	254	35	0.854354	1.25018
81	140	253	35	1.24152	1.91508
82	139	253	35	0.921007	1.61393
83	138	253	35	1.08771	1.67211
84	138	253	35	0	0
85	138	253	35	0	0
86	137	254	35	1.04115	1.59302
87	136	254	35	0.736031	0
88	135	254	35	1.1565	1.53174
89	134	255	36	0.940544	1.38848
90	133	255	36	0.803142	1.33032
91	132	255	36	0.884017	1.16222
92	131	254	37	0.992494	1.4116
93	130	254	37	0.973618	1.47825
94	129	255	37	0.970478	1.44154
95	128	255	37	0.942301	1.52618
96	127	256	37	0.856599	1.21087
97	126	257	38	0.823807	1.07632
98	125	257	38	0.686244	0.958257
99	124	257	38	0.875658	1.09036
100	123	258	38	0	0

# 17.03
idx	x	y	z	r_solid	r_surf
0	274	295	38	0.849993	1.14175
1	273	294	38	0.794677	1.17961
2	272	293	38	0.708035	1.11945
3	271	292	37	0.80207	1.03922
4	270	292	37	0.861062	1.23699
5	269	291	38	0.786497	1.08194
6	268	290	37	0.73522	1.09471
7	268	289	37	0.824997	1.21917
8	268	288	37	0.701817	1.236
9	268	287	37	0.832522	1.14798
10	267	286	37	0.943333	1.3141
11	266	285	37	1.07859	1.65477
12	265	284	37	1.08485	1.77243
13	264	283	37	0.826173	1.14357
14	264	282	37	1.19387	1.69051
15	263	282	37	1.34985	2.36213
16	262	282	37	1.2142	1.73888
17	261	282	37	1.01636	1.48904
18	260	282	37	0.899963	1.5251
19	259	282	37	0.713647	0.98373
20	258	281	37	0.629583	0.8283
21	258	280	37	1.25904	2.0412
22	257	279	37	0.834296	1.05165
23	256	278	37	0.894315	1.19327
24	256	277	36	0.81923	1.13128
25	256	276	36	1.00545	1.30887
26	256	275	36	1.22941	1.69552
27	255	274	36	0.866902	1.14984
28	255	274	36	0	0
29	254	274	36	0.789055	1.12533
30	253	273	37	0.923748	1.25722
31	253	272	37	0.891693	1.34879
32	252	271	37	0.908172	1.32602
33	251	270	37	0.948968	1.36822
34	250	269	37	0.914317	1.35102
35	249	268	37	0.948773	1.403
36	248	267	37	0.965908	1.4078
37	247	267	37	1.02915	1.56323
38	246	266	37	1.05427	1.55234
39	245	265	37	1.21001	1.69655
40	244	264	36	1.10852	1.66755
41	243	263	36	1.20027	1.78792
42	243	262	36	1.25785	1.89515
43	242	261	36	1.2397	1.81854
44	242	260	36	1.17179	1.83475
45	241	259	36	1.11245	1.86117
46	240	258	36	1.29054	1.88118
47	240	257	35	0.97617	1.63368
48	240	256	35	1.10757	1.71536
49	239	255	35	1.22446	1.69985
50	238	255	35	0.867578	1.69043
51	237	255	35	1.21396	1.75733
52	236	254	35	1.26071	1.87276
53	235	253	35	1.24013	1.91722
54	234	252	35	1.50685	2.08158
55	234	251	35	0.948973	1.476
56	234	250	35	1.13752	1.66748
57	233	249	36	1.00667	1.57288
58	233	248	36	0.810567	1.1936
59	232	247	35	1.09023	1.68248
60	231	247	35	1.27721	2.20273
61	230	246	35	0.931102	1.43657
62	229	245	35	0.800364	0
63	228	245	35	1.12287	1.52619
64	228	244	35	1.08718	1.96594
65	228	243	35	0.90087	1.5744
66	228	242	35	0.836342	1.46572
67	228	241	35	0.76449	1.05801
68	227	240	34	0.680473	0.781656
69	226	239	35	0.584451	0.835941
70	225	239	35	1.03521	1.74424
71	224	238	35	0.813517	1.149
72	223	237	35	0.79534	1.04072
73	222	237	35	0.801991	1.30688
74	221	237	35	0.980888	1.40924
75	220	237	35	0.940812	1.45802
76	219	237	35	0.843595	1.20952
77	218	236	35	0.90186	1.23197
78	217	236	35	0.750669	1.10331
79	216	236	35	0.741286	1.067
80	215	235	35	0.747547	0.986045
81	214	234	35	0.543614	0.68266
82	213	233	35	0.53351	0.703328
83	213	232	34	0.627922	0.777115
84	213	231	34	0.714335	1.03148
85	212	230	34	0.799366	1.15625
86	211	229	34	0.845914	1.14652
87	211	228	34	1.0435	1.56155
88	212	227	34	0.686075	0.9104
89	212	226	34	0.638491	0.800715
90	211	225	34	0.974598	0
91	211	224	34	0.739287	0.955336
92	210	223	33	1.03491	1.63216
93	209	222	33	1.20873	1.43451
94	208	222	33	0.943598	1.69043
95	207	222	33	1.48957	2.20478
96	206	221	32	1.49723	2.32659
97	205	220	31	1.45533	2.48532
98	205	219	30	1.50786	2.22612
99	204	218	29	1.52447	2.36517
100	203	218	29	0.819642	0

# 18.03
idx	x	y	z	r_solid	r_surf
0	275	295	37	0.729965	1.15373
1	276	294	37	0.358219	0.582656
2	277	294	37	0.587554	0.569498
3	278	293	37	0	0
4	277	292	37	0	0

# 19.03
idx	x	y	z	r_solid	r_surf
0	276	296	37	0.802793	1.20862
1	277	297	37	0.884532	1.20817
2	278	297	37	0.757582	1.10331
3	279	297	37	0.793524	1.06782
4	280	298	38	0.780547	1.06429
5	281	299	38	0.767227	1.22878
6	282	299	38	0.816834	1.14889
7	283	299	38	0.823328	1.34763
8	284	299	38	0.76962	1.05606
9	285	300	38	0.745064	1.10517
10	286	300	38	0.706701	1.05802
11	287	301	38	0.541109	0.763716
12	288	301	38	0.637192	0.845375
13	289	302	37	0.515137	0.664047
14	289	303	37	0.518026	0.524532
15	290	304	38	0.52558	0.600662
16	290	305	38	0.449263	0.55402
17	291	306	38	0.602881	0.798218
18	291	307	38	0.581647	0.753245
19	292	308	38	0.6197	0.828313
20	293	308	38	0.742676	1.0611
21	294	309	38	0.797032	1.13406
22	295	310	38	0.810826	1.10584
23	296	310	38	0.79986	1.17511
24	297	310	38	0.619596	0.849006
25	298	311	38	0.859825	1.20809
26	299	312	38	0.844775	1.13821
27	300	313	38	0.817127	1.21511
28	301	314	38	0.842107	1.19457
29	302	314	38	0.915698	1.38429
30	303	315	38	0.855514	1.18193
31	304	315	38	0.790457	1.33032
32	305	315	38	0.80369	1.1323
33	306	315	37	0.893226	1.20288
34	307	315	37	0.663165	1.00458
35	308	316	37	0.913766	1.28403
36	309	316	37	0.63113	0.909342
37	310	317	38	0.938515	1.29222
38	311	317	37	0.818425	1.47875
39	312	317	37	0.80401	1.035
40	313	317	37	0.640201	0.794257
41	314	317	37	0.52014	0.684245
42	315	318	38	0.638902	0.55708
43	316	319	38	0.489121	0.587298

# 20.03
idx	x	y	z	r_solid	r_surf
0	317	321	38	0.651408	0.881294
1	316	322	38	0.571921	0.672626
2	315	323	38	0.730666	0.880958
3	315	324	38	0.488141	0.568637
4	316	325	38	1.04945	1.21814
5	316	326	38	0.726746	0.799244
6	316	327	38	0.476954	0.349
7	316	328	38	0.391545	0.386431
8	317	329	38	0.692836	0.686767
9	318	330	38	0.432	0.576
10	319	330	38	0.734167	0.901483
11	320	330	37	0.635948	0.860176
12	321	330	37	0.999986	1.72382
13	322	329	37	0.764801	1.08888
14	323	329	37	0.934247	1.46138
15	324	329	37	0.889894	1.22411
16	324	330	37	0.82416	1.02909
17	325	331	36	0.767306	0.99925
18	326	332	36	0.902672	1.01071
19	327	333	37	0.960662	0.924451
20	328	334	37	0.206	0.206
21	328	335	37	1.28752	1.12492
22	329	336	37	0.601886	0.629013
23	329	336	37	0	0
24	329	337	38	0.331552	0.331552
25	329	338	38	1.16367	1.05749
26	329	339	38	1.2777	1.37373
27	330	339	38	0.486865	0.672397
28	331	340	37	0.652859	0.913209
29	332	341	37	0.476	0.698
30	332	342	37	0.752291	1.02457
31	333	343	37	0.842304	1.16316
32	334	344	37	0.912207	1.32496
33	335	345	37	0.919471	1.2499
34	335	346	37	0.915881	1.42334
35	336	347	37	0.936388	1.33994
36	337	348	38	0.926194	1.3468
37	338	349	38	0.86966	1.22017
38	339	349	38	0.946961	1.5021
39	340	349	38	0.927047	1.38666
40	341	350	38	0.777703	1.1592
41	342	350	38	0.85296	1.27427
42	343	351	38	0.824529	1.21205
43	344	351	38	1.03692	1.29858
44	345	352	39	0.839759	1.23435
45	346	353	39	1.08078	1.50956
46	347	354	39	0.913448	1.33314
47	348	355	39	0.989648	1.49092
48	349	356	38	1.0194	1.39057
49	350	357	38	0.850452	1.14463
50	351	358	38	1.00498	1.46753
51	352	359	39	0.987224	1.56473
52	353	360	39	0.900347	1.21461
53	353	361	39	1.17879	1.69146
54	354	362	39	1.20405	1.80947
55	355	363	39	1.39321	1.83823
56	356	363	39	0.890376	1.43165
57	357	363	39	0.755119	1.03216
58	358	364	40	0.603124	0.573897

# 21.03
idx	x	y	z	r_solid	r_surf
0	316	320	37	0.206	0
1	317	320	37	0.563092	0.665119

# 0.04
idx	x	y	z	r_solid	r_surf
0	64	238	24	0.563419	0.824
1	64	237	23	0.70202	1.01947
2	64	236	22	0.625054	0.858949
3	65	235	21	0.597755	0.687392
4	66	235	20	0.523729	0.702159
5	66	234	20	0.521431	0.800715
6	66	233	20	0.656669	0.95862
7	66	232	20	0.712112	1.02075
8	66	231	20	0.622473	1.14502
9	66	230	20	0.541684	0.636905
10	66	229	20	0.349	0.349
11	66	228	20	0	0
12	66	227	20	0	0
13	66	226	20	0	0

# 1.04
idx	x	y	z	r_solid	r_surf
0	62	273	26	0.774824	1.30286
1	62	272	27	0.854288	1.39886
2	61	271	28	0.907146	1.23765
3	61	270	28	0.533407	0.788009
4	60	269	27	0.909776	1.19531
5	59	268	28	0.408818	0.515241
6	59	267	28	0.587433	0.854247
7	59	266	29	0.351664	0.351664
8	59	265	29	0.331552	0.331552
9	59	264	28	0.707445	0.944015
10	59	263	28	0.871327	1.02989
11	60	262	27	0.989299	1.27983
12	61	262	27	1.15993	0.934613
13	62	261	27	0.600631	0.587298
14	63	260	26	1.01055	0.790229
15	64	259	25	0.930568	0.99404
16	64	258	24	1.58126	2.32201
17	64	257	24	0.703211	1.00838
18	63	256	23	1.22384	1.13132
19	63	255	22	1.7342	1.5391
20	63	254	22	0.437489	0.526861
21	63	253	22	0.649323	0.650843
22	63	252	22	0.70961	0.770526
23	64	251	22	0.933532	1.10542
24	64	250	22	0.830422	1.19615
25	64	249	22	0.912729	1.48725
26	64	248	22	0.716651	0.85563
27	64	247	22	0.857747	1.28152
28	64	246	22	0.834804	1.09729
29	64	245	22	0.610947	0.846285
30	64	244	22	0.673959	0.92286
31	64	243	23	1.28996	1.89145
32	64	242	23	0.691759	1.28316
33	64	241	23	0.731582	1.06463
34	64	240	24	0.774287	1.04441
35	64	239	25	1.05035	1.54635

# 2.04
idx	x	y	z	r_solid	r_surf
0	64	238	25	0.50433	0.824
1	63	237	26	1.54019	2.07035
2	62	236	26	0.970251	1.23215
3	61	235	26	0.660645	0.90901
4	60	234	27	0.689615	0.959987
5	59	234	27	0.991707	1.72046
6	58	234	27	1.44544	2.00146
7	57	233	27	0.933466	1.4106
8	57	233	27	0	0
9	56	232	27	0.71431	1.03634
10	55	231	28	0.894523	1.24108
11	55	230	28	0.752411	1.18344
12	55	229	28	0.783176	1.1591
13	55	228	28	0.699924	0.975459
14	54	227	29	0.660736	0.960279
15	54	226	29	0.630637	0.95016
16	54	225	29	0.663255	0.87347
17	53	224	30	0.551096	0.714007
18	52	223	30	0.76674	0.975318
19	51	222	31	0.509858	0.493572
20	50	221	31	0.658464	0.658464
21	49	220	31	0	0

# 3.04
idx	x	y	z	r_solid	r_surf
0	82	276	7	0.506529	0.655675
1	81	276	7	0.727302	0.88513
2	80	277	6	0.553449	0.743644
3	79	277	6	0.58499	0.839815
4	78	277	6	0.574973	0.774847
5	77	277	7	0.63743	0.792281
6	76	276	8	0.815034	1.20994
7	75	275	9	0.813958	1.1142
8	74	274	9	0.710871	1.031
9	73	273	10	0.744578	1.08481
10	72	272	10	1.1682	1.81078
11	71	271	11	1.1421	1.53402
12	70	271	11	0.848729	1.33032
13	69	271	11	1.75304	2.52286
14	68	271	12	0.837771	1.29762
15	67	271	12	2.15005	2.93166
16	67	270	13	2.19318	3.16235
17	67	270	14	1.27051	1.95246
18	67	269	15	1.1577	1.7314
19	66	268	16	1.58111	2.62579
20	65	268	17	1.1535	1.73815
21	64	267	18	1.56182	2.31129
22	63	267	18	1.81537	2.65074
23	62	268	19	1.69485	2.47807
24	62	268	20	1.61434	2.35393
25	62	269	21	1.21547	1.91304
26	62	270	22	1.05018	1.75125
27	62	271	23	0.872738	1.4252
28	63	272	24	0.812662	1.19744
29	63	273	25	0.98059	1.46285

# 4.04
idx	x	y	z	r_solid	r_surf
0	63	300	33	0.431996	0.492
1	63	299	32	0.737214	1.06344
2	62	298	32	0.43673	0.54546
3	62	297	32	0.64517	0.955449
4	62	296	31	0.893156	1.28771
5	62	295	31	0.857385	1.22892
6	62	294	31	0.97996	1.36891
7	62	293	31	1.12668	1.82287
8	62	292	31	1.16107	1.70807
9	62	291	30	0.955276	1.49362
10	62	290	30	1.15012	2.23524
11	62	289	30	1.26883	2.13652
12	62	288	30	1.33311	2.00905
13	62	287	30	1.25732	1.92645
14	62	286	30	1.42836	2.08871
15	62	285	29	1.37529	2.00632
16	62	284	29	1.50516	2.60205
17	62	283	29	1.41455	2.17952
18	62	282	28	1.27474	1.92346
19	62	281	28	1.24142	2.257
20	62	280	28	1.38859	2.00612
21	62	279	28	1.33905	2.08443
22	62	278	28	1.29618	2.0352
23	63	277	27	1.48492	2.38169
24	63	276	27	1.22162	1.88694
25	62	275	26	1.1138	1.70486
26	62	274	26	0.927046	1.5251

# 5.04
idx	x	y	z	r_solid	r_surf
0	83	275	7	0.407716	0.551889
1	84	276	7	0.478235	0.612417
2	85	277	6	0.551326	0.722764
3	86	277	6	0.441635	0.566861
4	87	277	6	0.53449	0.623572
5	87	276	6	0.481829	0.599744
6	88	275	6	0.662903	0.662903
7	89	274	6	0.719129	0.719129
8	90	274	6	0	0
9	91	274	6	0	0
10	92	273	5	0	0
11	93	273	5	0.433241	0.433241
12	93	274	5	0.504082	0.476554
13	94	275	5	0.461664	0.461664
14	94	276	5	0.206	0.206
15	95	277	6	0.52882	0.543423
16	96	278	6	0.51296	0.600662
17	97	279	6	0.386431	0.526861
18	97	280	6	0.539277	0.692088

# 6.04
idx	x	y	z	r_solid	r_surf
0	83	274	6	0.520353	0.87263
1	83	273	7	0.722494	1.04515
2	82	272	7	0.587735	0.82774
3	82	271	7	0.506352	0.641723
4	82	270	7	0.908996	1.28644
5	81	269	8	0.449263	0.569525
6	81	268	8	0.57396	0.5768
7	80	267	7	0.525718	0.525718
8	79	266	6	0.453386	0.453386
9	78	265	5	0.246	0.246
10	77	265	5	0.572642	0.572642
11	76	264	5	0.50362	0.50362
12	75	263	5	0.328	0.328
13	74	263	5	0	0
14	73	262	4	0.206	0.206
15	72	261	5	0.923668	0.923668
16	72	260	6	0	0
17	71	259	7	0.246	0.246
18	71	258	7	0	0
19	71	257	6	0.467102	0.467102
20	70	256	5	0.744252	0.77913
21	69	255	4	0.718442	0.892594
22	68	255	4	1.30931	1.76464
23	67	256	3	0.7773	1.04883
24	66	256	3	0.579317	0.732861
25	65	256	3	0.715417	0.515241
26	64	256	3	0.911587	0.911587
27	63	256	3	0	0
28	62	256	3	0.301333	0.301333
29	61	255	3	0.291328	0.291328
30	61	254	3	1.67946	1.67806

# 7.04
idx	x	y	z	r_solid	r_surf
0	63	301	32	0.648822	1.01051
1	64	301	32	0.683166	1.06677
2	65	301	33	0.908606	1.00206
3	66	301	33	2.06384	2.25756
4	67	300	33	0.911252	1.16759
5	67	300	33	0	0
6	67	299	33	0.479481	0.649962
7	68	298	32	0.752312	0.853574
8	69	298	32	0.581963	0.581963
9	70	297	31	0.206	0.206

# 8.04
idx	x	y	z	r_solid	r_surf
0	62	302	32	0.597207	0.873477
1	62	303	32	0.551688	0.891854
2	62	304	32	0.794489	1.07352
3	63	305	33	0.692941	0.765399
4	64	306	33	0.540228	0
5	65	307	33	0.513749	0
6	66	308	33	0.563601	1.06677
7	66	309	33	2.15756	2.71925
8	65	309	33	0.60254	0
9	64	309	33	0.582609	1.14357
10	63	310	33	1.98796	2.38234
11	62	310	33	0.676373	0.719165
12	61	311	33	2.10359	2.08393
13	60	311	32	0.439313	0.439313
14	59	310	33	0.884217	0.892904
15	58	309	33	0.468106	0.468106
16	58	308	33	0.423861	0.423861
17	58	307	33	0.587366	0.616593
18	57	306	33	0.46672	0.46672
19	56	305	32	0.206	0.206

# 9.04
idx	x	y	z	r_solid	r_surf
0	92	282	6	0.206	0.206
1	93	283	6	0.594569	0.594569
2	94	283	6	0.494372	0.494372
3	95	283	7	0.49494	0.63941
4	96	283	7	0.578253	0.72311
5	97	282	6	0.571361	0.691729
6	98	281	6	0.263431	0.641723

# 10.04
idx	x	y	z	r_solid	r_surf
0	99	281	6	0.351241	0.351241
1	100	281	6	0.488591	0.488591
2	101	281	5	0.363731	0.363731
3	102	281	5	0.705935	0.802889
4	103	282	5	0.301333	0.452
5	104	282	5	0.578573	0.652574
6	105	282	5	0.654737	1.1402
7	106	283	5	0.481829	0.702159

# 11.04
idx	x	y	z	r_solid	r_surf
0	106	284	5	0.583228	0.873717
1	106	285	5	0.606822	0.900677
2	106	286	5	0.836941	1.19693
3	106	287	5	0.637018	0.985349
4	106	288	5	0.427431	0.641723

# 12.04
idx	x	y	z	r_solid	r_surf
0	107	283	4	0.536074	0.748567
1	108	282	4	0.746136	0.875203
2	108	281	4	0.55832	0.824
3	108	280	4	0.66647	0.887361
4	109	279	3	0.420547	0.512095
5	110	278	4	0.386431	0.386431
6	111	278	4	0.301333	0.301333
7	112	277	3	0.37	0.444
8	113	277	3	0.408287	0.489945
9	114	277	3	0.408287	0.515241
10	115	277	3	0.466646	0.641723
11	116	277	3	0.662814	0.868896
12	117	277	2	0.644441	0.885502
13	118	277	2	0.533673	1.14357

# 13.04
idx	x	y	z	r_solid	r_surf
0	105	289	6	0.501534	0.631479
1	104	288	5	0.2472	0.206
2	103	287	6	0.560332	0.560332
3	102	287	5	0	0
4	101	287	5	0.668038	0.668038

# 14.04
idx	x	y	z	r_solid	r_surf
0	122	283	2	0.591676	1.06677
1	121	284	2	0.654718	0.843537
2	120	285	2	0.349	0.452
3	119	285	2	0.674733	0.794561
4	118	286	2	0.301333	0.301333
5	117	286	2	0.381298	0.381298
6	117	286	2	0	0
7	117	287	3	0.468496	0.468496
8	117	288	4	0.637093	0.637093
9	117	289	4	0.206	0.206
10	117	290	4	0.320861	0.320861
11	117	291	4	0.606822	0.606822
12	117	292	4	0.486238	0.685854
13	117	293	4	0.599394	0.754927
14	117	294	4	0.677915	0.870736
15	117	295	5	0.58355	0.755457
16	117	296	5	1.82067	2.4418
17	116	297	5	2.22913	2.80513
18	115	297	5	0.869596	1.51455
19	114	297	5	0.861275	1.46822
20	113	297	5	0.807054	1.1369
21	112	296	5	0.612648	0.982833
22	111	295	5	0.767136	1.05922
23	110	294	5	0.77892	1.1855
24	109	293	5	0.783059	1.09466
25	109	292	5	0.796809	1.30393
26	108	291	5	0.742835	1.13524
27	107	290	5	0.612282	1.06378
28	107	289	5	0.731929	1.08121

# 15.04
idx	x	y	z	r_solid	r_surf
0	122	282	2	0.733761	1.1698
1	121	281	2	0.749194	1.11078
2	120	280	2	0.82471	1.1935
3	120	279	2	0.622566	1.06677
4	119	278	2	0.630302	1.19887

# 16.04
idx	x	y	z	r_solid	r_surf
0	120	277	2	0.890221	1.31549
1	120	276	1	0.607319	1.06343
2	120	275	1	0.46362	0.457945
3	121	274	1	0.206	0.206
4	120	273	2	0.246	0.246

# 17.04
idx	x	y	z	r_solid	r_surf
0	123	283	2	0.599512	0.971854
1	124	283	2	0.623254	0.886285
2	125	283	2	0.521431	0.747718
3	126	283	2	0.446574	0.566861
4	127	283	2	0.206	0.206
5	128	283	1	0.351664	0.351664

# 0.05
idx	x	y	z	r_solid	r_surf
0	102	243	54	0	0
1	103	243	54	0.366431	0.366431
2	104	242	54	0.301333	0.301333
3	105	242	54	0.438667	0.438667
4	106	242	54	0.391545	0.489431
5	107	242	54	0.410063	0.409676
6	108	242	55	0.274667	0.274667
7	109	242	55	0.351664	0.351664
8	110	242	54	0.484077	0.590008
9	111	242	54	0.408287	0.515241
10	112	242	54	0.488141	0.568637
11	113	243	54	0.50362	0.632431
12	114	243	54	0.595682	0.80283
13	115	242	53	0.578271	0.747724
14	116	242	53	0.6322	1.00657
15	117	242	53	0.610947	0.959708
16	118	242	53	0.625233	0.834582
17	119	241	53	0.689079	0.969959
18	120	240	53	0.663213	0.903269
19	121	240	53	0.671798	0.916875
20	122	239	53	0.577129	0.702159
21	123	239	53	0.549491	0.77595
22	124	238	52	0.704277	1.01598
23	125	237	52	0.629687	0.877809
24	126	237	52	0.78591	1.1546
25	127	236	52	0.556522	0.776417
26	128	236	52	0.792479	1.15113
27	129	236	51	0.775104	1.10476
28	130	236	51	0.740457	1.11784
29	131	235	51	0.790666	1.156
30	131	234	51	0.744757	1.093
31	132	233	51	0.814548	1.22614
32	133	232	50	0.840431	1.13644
33	133	231	50	0.755688	1.2064
34	134	230	50	0.603478	0.949723
35	134	229	50	0.666261	0.943713
36	135	228	50	0.548943	0.766334

# 1.05
idx	x	y	z	r_solid	r_surf
0	136	228	50	0.548008	0.986023
1	137	228	50	0.710971	0.883579
2	138	228	50	0.701241	0.938111
3	139	227	49	0.72445	0.77735
4	140	226	49	1.129	1.01716
5	141	225	49	1.0473	1.28799
6	142	224	49	0.921341	1.23248
7	143	223	48	0.738344	1.26077
8	144	223	48	0.714832	0.961386
9	144	222	48	0.772304	1.12703
10	144	221	48	0.706194	0
11	144	220	48	0.914228	1.43165
12	144	219	48	1.08075	1.57001
13	145	219	47	0.74578	1.17511
14	146	219	47	0.919802	1.42692
15	147	218	47	0.966498	1.38888
16	147	217	47	0.992877	1.51095
17	148	216	47	1.02675	1.57221
18	149	215	47	1.03264	1.54708
19	150	214	47	1.0227	1.5061
20	151	213	46	0.987084	1.3987
21	151	212	46	0.980511	1.52909
22	151	211	46	0.93644	1.42059
23	151	210	46	1.1942	1.71444
24	151	209	45	0.92199	1.29649
25	151	208	45	0.730472	1.09559
26	151	207	45	0.971698	1.45969
27	152	206	45	0.96282	1.35003
28	152	205	45	0.839427	1.15825
29	153	204	45	0.68378	0.778723
30	154	203	45	0.412	0.618
31	155	203	45	0.741088	0.889313
32	156	203	46	0.921189	0.921189
33	157	202	46	0.568153	0.580774
34	158	201	45	1.19568	1.63132
35	158	200	44	1.15201	1.72189
36	158	199	44	0.958122	1.4078
37	159	198	43	1.37749	2.00303
38	159	197	43	0.878277	1.31784
39	160	196	43	1.12785	1.68958
40	161	195	42	1.15381	1.70445
41	162	194	42	1.02911	1.49638
42	163	193	41	0.944994	1.41269
43	164	192	41	0.775079	1.19019
44	165	192	41	0.927035	1.35058
45	166	191	40	0.719036	1.03266
46	167	190	40	0.654978	0.861152
47	167	189	40	0.863134	1.22064
48	168	188	40	0.771074	1.16749
49	168	187	40	0.875736	1.26623
50	169	186	40	0.826717	1.14576
51	169	185	40	0.895358	1.34569
52	169	184	40	0.893762	1.18143
53	170	183	40	0.976559	1.45078
54	171	182	40	1.00248	1.37499
55	171	181	40	1.11519	1.64519
56	172	180	40	1.07384	1.59223
57	173	179	40	1.10615	1.60433
58	173	178	40	0.812419	0
59	173	177	40	0.911818	1.30332
60	174	176	39	0.923799	1.37563
61	175	175	39	0.800778	1.15307
62	176	174	39	0.606355	1.09309
63	177	173	39	0.527726	0.706452
64	178	173	39	0.635858	0.959708
65	179	173	39	0.654643	0.970656
66	180	172	39	0.680048	0.934394
67	181	172	39	0.719778	1.04672
68	182	172	39	0.692603	0.958257
69	183	171	39	0.708953	0.95529
70	184	171	39	0.901261	1.3077
71	185	170	39	0.79827	1.14619
72	186	170	39	0.926045	1.42875
73	187	170	39	0.907202	1.24877
74	188	169	39	0.697662	1.0142
75	189	169	39	0.686728	0.950202
76	190	168	38	0.867922	1.14016
77	191	167	38	0.721388	1.0159
78	192	166	39	0.559368	0.747718
79	193	166	39	0.52413	0.641723
80	193	165	39	0.407545	0.566861
81	194	164	38	0.564315	0.694147
82	195	163	38	0.531001	0.646431
83	196	162	38	0.514643	0.654084
84	197	161	38	0.569722	0.696174
85	198	160	39	0.471853	0.562195
86	199	160	39	0.3456	0.412
87	200	159	38	0.45304	0.57708
88	201	159	38	0.515934	0.661868
89	202	158	38	0.510763	0.682793
90	203	158	38	0.545212	0.702159
91	204	157	38	0.659624	0.897803
92	204	156	38	0.636355	0.936105
93	205	155	38	0.543492	0.662325
94	206	154	38	0.563345	0.758095
95	207	154	38	0.715515	0.99253
96	208	153	38	0.673103	0.953927
97	209	152	38	0.591547	0.945385
98	210	152	38	0.710798	0.99253
99	211	151	38	0.720989	1.00422
100	212	150	38	0.770982	1.05932
101	213	149	38	0.704524	1.00762
102	214	148	38	0.617401	0.922237
103	214	147	38	0.646481	0.937566
104	215	146	38	0.5747	0.753669
105	215	145	38	0.516129	0.672525
106	216	144	38	0.529982	0.663971
107	217	143	38	0.481755	0.573673
108	218	142	38	0.349	0.465333
109	219	142	38	0.515934	0.637601
110	220	141	38	0.55345	0.680047
111	221	140	38	0.519929	0.678258
112	222	139	37	0.501941	0.608928
113	223	138	37	0.647391	0.82231
114	224	137	37	0.631263	0.624139
115	225	136	37	0.556522	0.662325
116	226	136	37	0.570014	0.739912
117	227	135	38	0.706924	0.994934
118	228	134	38	0.613405	0.877809
119	229	134	38	0.542641	0.710178
120	230	133	38	0.535174	0.650843
121	230	132	38	0.557037	0.727643
122	231	131	38	0.54872	0.70008
123	231	130	38	0.533936	0.684979
124	232	129	38	0.639778	0.836014
125	233	128	37	0.571468	0.749517
126	233	127	37	0.8572	1.1624
127	234	126	38	0.764486	1.06383
128	235	125	38	0.926832	1.34697
129	235	124	38	0.868703	1.41491

# 2.05
idx	x	y	z	r_solid	r_surf
0	136	225	51	0.291328	0.291328
1	136	225	50	0.549537	0.891854
2	136	226	49	0.414966	0.642636
3	135	227	49	0.463415	0.612417
4	135	227	49	0	0

# 3.05
idx	x	y	z	r_solid	r_surf
0	197	155	20	0.841373	1.16586
1	198	154	20	0.755981	1.16477
2	199	153	19	0.702403	1.04182
3	199	152	19	0.692759	0.979312
4	199	151	19	0.719956	0.987912
5	199	150	19	0.64549	0.922237
6	200	149	20	0.851213	1.25889
7	200	148	21	0.456988	0.672626
8	200	147	21	0.580079	0.749243
9	201	146	21	0.982703	1.46204
10	201	145	21	0.86737	1.28966
11	201	144	21	0.753893	0.897498
12	201	143	21	0.640862	0.690554
13	202	142	21	0.841428	1.23315
14	203	141	21	0.810139	1.14864
15	203	140	21	0.795399	1.05233
16	203	139	22	0.796802	1.19039
17	203	138	22	0.853587	1.41107
18	203	137	22	0.932009	1.29152
19	203	136	22	0.782534	1.22913
20	203	135	22	0.83483	1.08854
21	203	134	23	1.11306	1.56014
22	203	133	23	0.917398	1.29742
23	202	132	23	0.764183	0.891854
24	202	131	23	1.03801	1.50532
25	201	130	24	0.938197	1.27128
26	201	129	24	0.828924	1.26367
27	201	128	24	0.914047	1.14889
28	201	127	24	0.813002	1.2996
29	200	126	24	0.744541	1.04212
30	200	125	24	0.736292	1.02777
31	199	124	24	0.572246	0.984
32	199	123	24	0.662311	0.930509
33	198	122	24	0.6921	0.947193
34	197	121	24	0.701349	0.993508
35	196	120	25	0.664625	0.874817
36	196	119	25	0.632139	0.860091
37	195	118	25	0.737989	1.06463
38	195	117	25	0.68397	1.139
39	195	116	25	0.755393	0.998915
40	194	115	26	0.799102	1.19314
41	194	114	26	0.891424	1.26461
42	194	113	26	0.801845	1.24607
43	194	112	26	1.08344	1.50693
44	193	111	27	1.15019	1.91346
45	192	110	28	1.24698	1.80419
46	191	109	29	1.22242	1.7979
47	191	108	30	1.40269	1.97677
48	191	107	30	0.999936	1.78639
49	191	106	30	1.10763	1.60545
50	192	105	31	1.01017	1.50137
51	193	104	32	0.98183	1.39577
52	194	104	32	0.818115	1.2833
53	195	104	32	0.724647	1.06728
54	196	104	32	0.554094	0.763664
55	197	104	33	0.481848	0.568637
56	198	103	33	0.878504	1.05711
57	199	103	33	0.460574	0.565148
58	200	102	33	0.908377	1.14068
59	201	101	34	0.955233	1.23991
60	202	101	34	0.746727	1.17569
61	203	100	34	1.04812	1.3744
62	204	100	34	0.848974	1.27202
63	205	100	34	0.752862	1.21409
64	206	100	34	0.635407	0.959708
65	207	100	34	0.545212	0.690072
66	208	101	34	0.585729	0.902392
67	209	101	34	0.59785	0.771761
68	210	102	35	0.492736	0.574766
69	211	103	35	0.636714	0.85294
70	212	104	35	0.675669	0.878553
71	213	105	35	0.75276	1.15466
72	214	106	35	0.72065	0.928346
73	215	106	35	0.643803	0.794257
74	216	106	35	1.09094	1.53135
75	216	106	35	0	0
76	217	107	36	0.913445	1.18659
77	218	108	36	0.66015	0.804007
78	219	109	36	0.752049	0.999521
79	220	109	36	1.00693	1.45022
80	221	110	36	0.651802	0.949233
81	222	110	36	0.719778	1.11141
82	223	110	36	0.885294	1.32101
83	224	110	36	1.07446	1.66263
84	225	111	36	0.713267	0.9104
85	226	111	36	0.630637	0.566861
86	227	111	36	1.25092	1.63882
87	228	112	37	0.809147	1.19384
88	229	113	37	0.976923	1.22294
89	230	113	37	0.657448	0.959708
90	231	113	37	1.07344	1.5746
91	232	114	37	0.97566	1.64521
92	233	115	37	1.34888	1.71051
93	233	116	37	1.11638	1.61322
94	233	117	37	0.832354	1.25316
95	233	118	37	0.733694	1.10544
96	233	119	37	0.664186	0.879123
97	233	120	37	0.711549	0.986529
98	234	121	37	0.85279	1.26545
99	235	122	37	0.882126	1.16598
100	236	123	37	0.97853	1.46002

# 4.05
idx	x	y	z	r_solid	r_surf
0	237	122	37	0.803993	1.19231
1	238	121	37	0.669809	1.01101
2	239	120	36	0.821292	0.955604
3	240	120	36	0.349	0.349
4	241	119	35	0.206	0.206
5	242	118	36	1.02664	0.97531
6	243	117	36	0.975908	1.23061
7	244	117	36	0.736031	0.955129
8	245	117	36	0.769014	1.04882
9	246	116	35	0.907037	1.35717
10	247	115	34	0.874747	1.21649
11	248	114	34	0.722683	1.07434
12	249	113	35	0.547583	0.669022
13	250	113	35	0.681812	0.812729
14	251	113	34	0.595756	0.82051
15	252	113	34	0.58878	0.747718
16	253	113	34	0.639368	0.946951
17	254	112	34	0.407545	0.515241
18	255	112	34	0.430206	0.546861
19	256	112	33	0.616237	0.848715
20	257	112	33	0.446574	0.591815
21	258	112	33	0.478689	0.553528
22	259	111	33	0.575848	0.740772
23	260	111	33	0.391545	0.412
24	261	111	33	0.329	0.274667
25	262	110	32	0.742304	1.05753
26	263	110	32	0.466646	0.546861
27	264	110	32	0.246	0.492
28	265	110	32	0.628505	0.628505
29	265	110	31	0.474653	0.638639
30	265	110	30	0.591153	0.591153
31	266	109	29	0.49172	0.590008
32	267	109	29	0.818804	1.00613
33	268	109	28	0.400219	0.497328
34	269	109	28	0.683564	0.778203
35	270	108	28	0.680383	0.935861
36	271	108	28	0.852106	1.53242
37	272	108	28	0.976302	1.40051
38	273	107	28	0.829466	1.38421
39	274	107	28	1.17135	1.77328
40	275	106	27	1.35726	1.93869
41	276	106	27	1.15005	1.59055
42	277	106	26	1.24584	1.45181
43	278	106	26	0.717839	1.28345
44	279	106	26	1.00333	1.55341
45	280	106	26	1.05065	1.71763
46	281	106	25	0.827676	1.12588
47	281	106	25	0	0
48	282	107	26	1.00434	1.80084
49	282	108	26	0.951347	1.39505
50	283	109	26	1.06603	1.94696

# 5.05
idx	x	y	z	r_solid	r_surf
0	198	156	19	0.669023	0
1	198	156	18	0.714901	1.24677
2	199	156	18	0.728888	1.01617
3	200	156	17	0.790633	0.683046
4	201	156	16	0	0

# 6.05
idx	x	y	z	r_solid	r_surf
0	197	157	19	0.824545	1.37776
1	197	158	19	0.901354	1.3157
2	196	159	19	1.05029	1.46381
3	196	160	19	1.03302	1.60063
4	196	161	18	0.934872	1.33416
5	196	162	18	1.00154	1.47353
6	195	163	18	1.14305	1.57302
7	195	164	18	0.9374	1.4375
8	194	165	18	0.97276	1.44366
9	193	165	18	1.1802	1.71187
10	192	166	18	1.09615	1.65022
11	192	167	18	1.05459	1.63401
12	191	168	18	1.12938	1.59766
13	191	169	18	1.00016	1.74451
14	191	170	18	1.03459	1.50183
15	190	171	18	0.981571	1.40059
16	190	172	18	0.88968	1.37964
17	189	173	18	0.838199	1.26002
18	188	174	18	0.893442	1.27415
19	187	175	17	0.865504	1.23452
20	187	176	17	0.960282	1.56215
21	187	177	17	1.02362	1.96594
22	187	178	17	0.868562	1.02566
23	187	179	18	0.918908	1.18787
24	187	180	18	0.394954	0.488574
25	186	181	17	1.14904	1.30202
26	186	182	17	0.504499	0.619953
27	185	183	17	1.15525	1.4212
28	185	184	17	0.556586	0.746434
29	184	185	17	0.757452	0.955087
30	183	186	17	0.65954	0.800106
31	182	187	17	0.696382	0.81152
32	182	188	16	0.518321	0.581979
33	182	189	16	0.62281	0.767643
34	181	190	16	0.74113	1.15821
35	180	191	16	0.767818	1.03874
36	180	192	16	0.778361	1.21107
37	179	193	16	0.769246	1.01861
38	179	194	16	0.670235	1.02826
39	178	195	16	0.740613	0.990418
40	178	196	16	0.621518	0.821322
41	177	197	16	0.792899	1.22793
42	176	198	16	0.750471	0.843064
43	176	199	16	0.622868	0.872964
44	175	200	16	0.85937	1.37935
45	175	201	16	0.661905	0.951148
46	174	202	16	0.847471	1.22697
47	174	203	16	0.651154	0.938595
48	173	204	16	0.760958	1.04861
49	172	205	16	0.763388	1.23712
50	172	206	16	0.690802	0.871806
51	171	206	16	0.777574	1.49309
52	170	207	17	0.896205	1.22482
53	169	207	17	0.73036	1.00852
54	168	208	17	0.773934	1.05845
55	167	209	17	0.483282	0.599744
56	167	210	17	0.833163	0.833163
57	166	211	17	0	0

# 7.05
idx	x	y	z	r_solid	r_surf
0	284	108	25	0.919036	1.22174
1	284	107	26	0.879072	1.37285
2	284	106	26	0.629808	1.15061
3	284	105	26	0.737501	1.20375
4	284	104	26	0.737031	1.12158
5	284	103	26	0.720575	1.0034
6	283	102	26	0.850217	1.53242
7	283	101	26	0.777308	1.12158
8	283	100	26	0.740957	1.30495
9	282	99	26	0.880542	1.56484

# 8.05
idx	x	y	z	r_solid	r_surf
0	283	110	26	1.11859	1.71476
1	284	111	26	1.32157	2.09959
2	285	112	25	1.1603	1.74218
3	285	113	25	1.31091	1.85847
4	286	114	26	1.33501	2.0882
5	287	115	27	1.39094	2.10154
6	288	116	27	1.3839	2.12664
7	288	117	27	1.56404	2.45815
8	289	118	27	1.58384	2.39678
9	290	119	27	1.60199	2.45697
10	291	120	27	1.61865	2.37559
11	292	121	27	1.50159	2.44791
12	293	122	27	1.86692	2.62054
13	294	123	28	1.32225	2.18428
14	295	124	29	1.38279	2.01222
15	295	125	29	1.38474	2.00577
16	296	126	28	1.61194	2.61645
17	297	127	28	1.45499	2.16931
18	297	128	28	1.23392	1.84571
19	298	129	27	1.65555	2.45079
20	298	130	27	1.02507	1.50837
21	299	131	27	1.06326	1.59752
22	300	132	27	1.25581	1.22286
23	301	133	27	0.730557	0.730557
24	302	134	27	0	0

# 9.05
idx	x	y	z	r_solid	r_surf
0	281	98	26	0.938948	1.1556
1	281	98	26	0	0
2	281	98	26	0	0
3	281	99	26	0.68757	1.06677
4	280	100	26	0.492	0
5	279	100	26	0.557414	0.925088
6	278	99	26	0.594112	0.566861
7	277	98	26	0.649753	0.659338
8	277	98	26	0	0
9	276	97	26	1.03246	1.01433
10	275	96	27	0.739592	0.673926

# 10.05
idx	x	y	z	r_solid	r_surf
0	283	98	26	0.752701	1.30495
1	283	97	26	0.654524	1.28345
2	283	96	26	0.713252	0.973004
3	284	95	27	0.416649	0.391532
4	284	94	27	0.246	0.246
5	283	93	26	0.567358	0.709753
6	282	92	25	0.80202	1.06657
7	282	91	25	0.703943	1.03467
8	281	90	24	0.885919	1.24456
9	281	89	24	1.03976	1.47406
10	282	88	24	0.754239	1.00106
11	282	87	24	0.68065	0
12	282	86	24	1.08767	1.48604
13	282	85	23	0.839595	1.18433
14	282	84	23	0.803635	1.21488
15	282	83	23	0.94544	1.41273
16	282	82	23	1.06058	1.60288
17	281	81	23	1.05977	1.40503
18	281	80	23	0.953537	1.34909
19	282	79	23	1.01783	1.65315
20	282	78	23	0.974789	1.44548
21	283	77	23	1.13889	1.60076
22	283	76	23	1.08924	1.65206
23	283	75	23	0.99086	1.33383
24	283	74	23	0.89984	1.27553
25	283	73	23	0.750179	0.946088
26	284	72	22	0.757225	1.03329
27	284	71	22	0.591277	0.796123
28	284	70	22	0.519879	0.645431
29	284	69	22	0.437489	0.591815
30	283	68	22	0.425676	0.572126
31	283	67	21	0.385109	0.385109
32	283	66	21	0.750438	0.926231
33	284	65	22	0.415719	0.528865
34	284	64	22	0.544383	0.576
35	284	63	22	0.716197	1.18939
36	285	62	21	0.964286	1.32622
37	285	61	21	0.708462	0
38	285	60	21	0.983164	1.44892
39	286	59	20	1.02574	1.5539
40	285	58	19	1.03734	1.60524
41	285	57	19	1.04286	1.54596
42	286	56	19	0.960024	1.54127
43	286	55	19	0.827195	1.25959
44	286	54	19	0.813478	1.22213
45	285	53	19	0.979419	1.37627
46	285	52	19	0.667448	1.06677
47	284	51	19	1.19281	1.59379
48	284	50	19	1.37507	1.92123
49	284	50	19	0	0
50	285	50	19	0.864989	1.17803
51	286	50	19	0.595217	0.971854
52	287	50	19	0.792477	1.36024
53	288	49	18	0.822711	1.2207
54	289	48	18	0.73224	1.02248
55	289	47	18	0.647358	0.959708
56	289	46	18	1.02402	1.45196
57	290	45	18	0.599553	0.896834
58	291	44	18	0.5747	0.781656
59	291	43	18	0.669699	1.00395
60	292	42	18	0.642917	0.89058
61	292	41	18	0.767689	1.05073
62	292	40	18	0.689884	0.959708
63	292	39	18	0.736702	1.14297
64	292	38	17	0.819335	1.24838
65	292	37	17	0.577618	0

# 11.05
idx	x	y	z	r_solid	r_surf
0	291	36	18	0.591449	0.725854
1	290	36	18	0.69663	0
2	289	36	18	0.921491	1.47199
3	288	37	17	0.845319	1.32606
4	287	37	17	0.777956	1.25166
5	286	37	17	0.986529	1.40307
6	285	37	17	1.54728	1.55178

# 12.05
idx	x	y	z	r_solid	r_surf
0	292	35	17	1.5784	2.52366
1	293	35	17	0.721419	1.13282
2	294	34	17	1.62121	2.14455
3	295	34	17	0.66485	0.894586
4	296	33	16	0.461702	0.581979
5	296	32	16	1.52116	1.50695
6	297	31	16	0.797202	0.793613
7	298	30	16	0.301333	0.412
8	298	29	16	0.761728	0.971534
9	298	28	16	1.03987	1.0141
10	298	27	16	1.19508	0.93862
11	298	26	16	0.734602	1.13648
12	298	25	16	0.845688	1.21519
13	297	24	16	0.952717	1.25821
14	296	23	16	1.64135	2.23281
15	296	22	15	0.8064	1.2345
16	296	21	15	0.716771	0
17	296	20	15	0.813265	1.16041
18	296	19	15	0.776502	1.40793
19	296	18	15	0.932656	1.38807

# 13.05
idx	x	y	z	r_solid	r_surf
0	302	4	13	0.844465	1.27586
1	301	5	14	0.746476	1.09393
2	300	6	14	0.764084	1.03877
3	300	7	14	0.70412	1.09134
4	300	8	14	1.27362	1.66689
5	300	9	13	0.526861	0.526861
6	300	10	13	0.745954	0.635969
7	300	11	13	0.905207	1.06594
8	301	12	14	0.690285	0.860601
9	301	13	15	0.837658	0.842502
10	301	14	15	0.75571	0.960766
11	300	15	15	0.694978	0.811819
12	300	16	15	0.560339	0.667466
13	299	17	15	0.627059	0.912553
14	298	17	15	0.526674	0.641723
15	297	17	15	0.463513	0

# 14.05
idx	x	y	z	r_solid	r_surf
0	294	13	17	0.700489	0.684963
1	295	14	16	0.893363	1.08685
2	295	15	16	0.690789	0.938442
3	296	16	15	0.682905	1.01617

# 15.05
idx	x	y	z	r_solid	r_surf
0	303	4	13	0.563495	0.749522
1	304	5	13	0	0
2	305	6	12	0.49494	0.49494
3	306	7	13	0.550386	0.550386
4	306	8	13	0.428	0.428
5	307	9	13	0.206	0.206
6	306	10	13	0	0
7	305	10	14	0	0

# 16.05
idx	x	y	z	r_solid	r_surf
0	303	3	12	0.808007	1.29661
1	303	2	13	0.704287	1.01763
2	303	1	13	0.620878	0.817232
3	303	1	12	0.50433	0.723084
4	304	0	11	0.834893	1.23098
5	305	0	11	0.568658	0.77005
6	306	1	10	0.69591	0.675386
7	307	2	10	0.680788	0.680788
8	308	2	10	0.982396	1.30545
9	309	1	10	0.692839	0.941937
10	310	1	10	0.82242	1.20348
11	311	0	10	0.492	0.738
12	312	0	10	0.50362	0.521945
13	313	0	10	0.492	0.492
14	314	0	9	0.351241	0.351241
15	314	0	9	0	0
16	315	0	8	0.351241	0.351241
17	316	0	7	0.320861	0.320861
18	317	0	8	0	0
19	318	0	8	0.301333	0.301333
20	319	0	8	0.433241	0.433241
21	320	1	8	0.54493	0.536157
22	321	2	8	0.418199	0.418199
23	322	3	7	0.863487	0.863487
24	323	4	7	0.406431	0.406431
25	324	4	7	0.366431	0.366431
26	325	4	7	0.329	0.329
27	326	5	6	0.301333	0.301333

# 0.06
idx	x	y	z	r_solid	r_surf
0	0	394	21	0.539315	0.539315
1	0	394	20	0.447474	0.45408
2	1	395	19	0.665298	0.853099
3	2	395	19	0.552042	0.719138
4	3	396	18	0.3456	0.309
5	4	396	18	0.472	0.465333
6	5	396	18	0.386431	0.386431
7	6	397	18	0.246	0.246
8	7	397	18	0.407545	0.407545
9	8	397	18	0.578537	0.684976
10	9	398	18	0.516434	0.640607
11	10	399	18	0.66987	0.872861
12	11	399	17	0.557664	0.645062
13	12	399	17	0.839786	1.2188
14	13	399	16	0.632451	0.955576
15	14	399	16	0.726771	1.09395
16	15	399	16	0.873264	1.27268
17	16	400	16	0.72567	0.979392
18	17	400	16	0.916226	1.25236
19	18	401	16	0.638962	0.842846
20	19	402	16	0.5747	0.781656
21	20	402	16	0.649238	0.885123
22	21	401	16	0.894305	1.43924
23	22	401	15	0.847105	1.19442
24	23	401	15	0.63934	1.05709
25	24	400	15	1.01702	1.57381
26	25	400	15	0.824507	1.13347
27	26	401	15	0.75669	1.0608
28	27	402	15	0.735265	1.03939
29	28	402	15	0.486238	0.526861
30	29	402	15	0.460759	0.606219
31	30	402	14	0.656238	0.912258
32	31	402	14	0.566411	0.753669
33	32	401	14	1.00828	1.46607
34	33	401	14	1.05245	1.26253
35	34	401	14	0.995352	1.1841
36	35	401	14	0.842296	1.00596
37	36	401	14	0.705344	1.02426
38	37	400	13	0.895005	1.30604
39	38	399	12	0.873362	1.1998
40	39	399	12	0.807606	1.17931
41	40	398	12	0.984707	1.4526
42	40	398	12	0	0
43	41	398	12	0.954883	1.71987
44	42	398	12	1.17808	1.68968
45	43	398	11	1.14956	1.62702
46	44	398	11	1.10728	0
47	45	398	11	1.93334	2.81399
48	45	398	11	0	0
49	46	399	11	1.18207	1.35421
50	47	400	11	0.882956	1.64847
51	48	401	11	0.858629	1.58684

# 1.06
idx	x	y	z	r_solid	r_surf
0	71	397	7	0.554607	0.793092
1	70	397	7	0.624024	1.06427
2	69	398	7	0.503087	0.682014
3	68	398	7	0.528029	0.572126
4	67	398	8	0.515397	0.577664
5	66	398	8	0.547894	0.808477
6	65	398	8	0.655144	0.858949
7	64	398	9	0.500076	0.672525
8	63	398	9	0.693043	1.08842
9	62	399	9	0.824345	1.14722
10	61	400	9	0.690704	0.973596
11	60	401	9	0.537147	0.788009
12	59	401	9	0.845161	1.36318
13	58	402	9	0.716934	0.94842
14	57	403	8	0.3456	0.309
15	56	403	8	0.920628	0.920628
16	55	403	9	0.709441	1.04749
17	54	403	9	0.971686	1.21455
18	53	402	10	0.87679	1.3824
19	52	401	10	1.78722	2.46861
20	51	401	10	1.32608	1.82348
21	50	401	11	1.37811	1.93706
22	49	401	11	0.787749	0

# 2.06
idx	x	y	z	r_solid	r_surf
0	48	402	10	1.05169	1.58372
1	48	403	10	1.03156	1.57146
2	49	404	10	1.06783	2.01022
3	49	405	10	1.04036	1.63514
4	49	406	10	1.10296	1.54221
5	48	407	9	0.982085	1.51154
6	48	408	9	0.802876	1.1003
7	48	409	8	1.04213	1.50874
8	48	410	8	0.627984	0.926575
9	47	411	8	0.927972	1.13524
10	46	412	7	0.893124	1.18073
11	45	413	7	1.03642	1.40068
12	44	414	7	1.18858	1.66634
13	43	415	7	1.20065	1.66483
14	42	416	7	1.30187	1.94788
15	41	417	6	1.3432	1.94348
16	41	418	6	0.952079	1.91942
17	41	419	6	1.07205	1.65497
18	40	420	6	1.04355	1.58935
19	39	421	6	1.13888	1.85988
20	38	422	6	1.17594	1.75443
21	38	423	6	0.924813	1.42303
22	37	424	6	0.900464	1.61426
23	36	425	6	0.960327	1.44465
24	35	425	6	0.926312	1.43165
25	34	425	6	0.997009	1.46524
26	33	425	6	0.989299	1.5063
27	32	426	6	1.11931	1.60308
28	32	427	6	1.02211	1.67236
29	31	428	6	1.03518	1.55205
30	30	429	5	1.1339	1.7142
31	29	429	5	0.853624	1.28345
32	28	429	5	1.12064	1.65626
33	27	430	5	1.00714	1.49027
34	26	430	5	0.89665	1.33819
35	25	431	5	0.714976	1.1327
36	24	432	4	0.857669	1.26977
37	23	432	4	0.61828	0.899899
38	22	433	4	0.648372	0.858896
39	21	434	4	0.577129	0.722305
40	21	435	4	0.629467	0.94489
41	20	436	3	0.634684	0.858284
42	20	437	3	0.826979	1.19637
43	19	438	3	0.811646	1.16796
44	19	439	3	0.801672	1.1332
45	19	440	2	1.00572	1.5261
46	19	441	2	0.956651	1.39255
47	18	442	2	0.83518	1.07978
48	18	443	2	0.608382	0.959708
49	18	444	2	0.785669	1.02275
50	17	445	3	0.5205	0.5422
51	16	445	3	0.571783	0.571783

# 3.06
idx	x	y	z	r_solid	r_surf
0	72	396	7	0.509571	0.702159
1	71	395	7	0.432	0.576
2	71	394	7	0	0
3	72	393	7	0.506783	0.506783
4	72	393	7	0	0
5	73	392	7	0.495795	0.495795
6	74	392	7	0.246	0.246
7	75	391	6	0.274667	0.274667
8	76	391	6	0	0
9	77	391	6	0	0
10	78	391	6	0.351241	0.351241

# 4.06
idx	x	y	z	r_solid	r_surf
0	80	394	6	0.47721	0.604292
1	79	395	6	0.591277	0.897498
2	78	395	6	0.629629	0.95862
3	77	395	6	0.679421	0.892437
4	76	395	6	0.533327	0.779385
5	75	396	6	0.599572	0.856865
6	74	396	6	0.522575	0.656576
7	73	397	7	0.611529	0.893227

# 5.06
idx	x	y	z	r_solid	r_surf
0	79	390	5	0.137333	0.137333
1	80	390	5	0.572642	0.561128
2	81	390	5	0.377908	0.377908
3	82	390	5	0	0
4	83	390	5	0	0
5	84	389	5	0	0
6	85	389	5	0.301333	0.301333
7	86	389	5	0.391545	0.391545
8	87	389	5	0.471755	0.471755
9	88	390	5	0	0
10	89	390	5	0.386431	0.386431
11	90	390	5	0.562054	0.562054
12	91	390	4	0.446988	0.672626
13	92	390	3	0.815452	0.934068
14	92	391	3	0.554905	0.641723
15	92	392	3	0.480757	0.492
16	91	393	3	0.562899	0.741767

# 6.06
idx	x	y	z	r_solid	r_surf
0	80	393	6	0.301333	0.452
1	79	392	5	0.451391	0.451391

# 7.06
idx	x	y	z	r_solid	r_surf
0	81	394	5	0.558489	0.661902
1	82	395	4	0.49494	0.49494
2	83	395	4	0.291328	0.291328
3	84	395	5	0.507172	0.507172
4	85	395	5	0.504071	0.644127
5	86	394	4	0.467442	0.562313
6	87	394	4	0.533327	0.696788
7	88	394	4	0.487573	0.649336
8	89	394	3	0.309	0.309
9	90	394	3	0.351241	0.213908

# 8.06
idx	x	y	z	r_solid	r_surf
0	92	393	3	0.577894	0.971854
1	93	393	3	0.55217	0.904
2	94	393	3	0.486013	0.665897

# 9.06
idx	x	y	z	r_solid	r_surf
0	95	393	2	0.591037	1.29259
1	96	393	2	0.503358	0.671144
2	97	392	1	0.67415	0.67415

# 10.06
idx	x	y	z	r_solid	r_surf
0	95	394	2	0.621714	0.80833
1	96	395	2	0.525233	0.642271
2	97	396	2	0.43673	0.532095
3	98	396	2	0.467675	0.652574
4	99	396	2	0.572383	0.767089
5	100	396	2	0.466646	0.591815
6	101	396	2	0.58878	0.753144
7	102	396	2	0.618962	0.846285
8	103	396	2	0.714868	0.976931
9	104	396	1	0.714508	0.994339
10	105	396	1	0.569915	0.695431
11	106	396	1	0.437931	0.489431
12	107	395	1	0.483282	0.563829
13	108	395	1	0	0

# 0.07
idx	x	y	z	r_solid	r_surf
0	18	402	57	0.712734	1.06428
1	17	402	57	0.784054	1.15177
2	16	403	57	0.818402	1.14889
3	15	404	56	0.846606	1.22404
4	14	404	56	0.594014	0.82189
5	13	405	57	0.742103	1.04358
6	13	406	57	0.645511	0.95862
7	13	407	57	0.721384	0.98288
8	12	408	58	0.537493	0.558409
9	12	409	58	0.560332	0.560332
10	11	410	57	0.552198	0.552198
11	12	411	57	0	0
12	12	412	57	0.528574	0.529431
13	12	413	57	0.967326	1.16734
14	11	414	57	1.13978	1.64918
15	10	415	56	0.931966	1.26654
16	9	416	55	0.931039	1.32386
17	9	417	55	0.817571	1.12511
18	8	418	56	1.26959	1.90067
19	8	419	56	0.847844	2.06
20	8	420	56	0.771336	1.05346
21	8	421	55	0.779258	1.05743
22	7	422	54	1.51984	1.9727
23	7	423	54	0.742407	1.04147
24	6	424	53	1.55966	2.18744
25	6	425	53	0.98055	1.41395
26	6	426	52	0.671839	0.985794
27	6	427	52	0.675868	0.94581
28	6	428	52	0.792646	1.189
29	6	428	52	0	0
30	7	429	52	0.796552	1.12491
31	8	430	51	0.785809	1.1217
32	9	430	51	0.736031	1.19541
33	10	430	51	0.858066	1.23413
34	10	430	51	0	0
35	11	430	50	0.800185	1.15743
36	12	431	49	0.963196	1.32086
37	12	432	48	1.06635	1.5877
38	11	433	47	0.708441	0.88589
39	11	433	47	0	0
40	10	434	47	0.666479	0.717611
41	9	435	47	0.860445	1.12385
42	9	436	46	0.363731	0.363731
43	9	437	46	0.53381	0.53381

# 1.07
idx	x	y	z	r_solid	r_surf
0	19	401	57	0.582349	1.11797
1	18	400	57	0.548469	0.864
2	18	399	57	0.731205	1.03022
3	18	398	57	0.863218	1.26662
4	18	397	57	0.778886	1.22685
5	18	396	57	0.463024	0.584292
6	19	395	57	0.716337	0.79593
7	19	395	57	0	0
8	19	395	57	0	0
9	19	396	57	0.386431	0.515241
10	19	397	57	0.206	0.412
11	18	397	56	0.400219	0.412
12	17	397	55	0.381298	0.381298

# 2.07
idx	x	y	z	r_solid	r_surf
0	20	400	57	1.83763	2.74826
1	21	400	56	2.56559	2.8979
2	21	400	56	0	0
3	22	399	56	0.712714	1.26269
4	23	398	56	0.328	0

# 3.07
idx	x	y	z	r_solid	r_surf
0	23	397	56	0.560373	0
1	23	396	56	0.602222	0.905425
2	23	395	56	0.565258	0.853713
3	23	394	56	0.557401	0.740123
4	24	393	57	0.415099	0.415099
5	25	393	57	0.489431	0.489431
6	26	393	57	0.274667	0.206
7	27	392	56	0.475633	0.583486
8	27	391	56	0.467675	0.572345
9	27	390	56	0.673739	0.673739
10	28	389	56	0.647237	0.673374
11	29	388	57	0.603124	0.785065
12	30	388	57	0.517571	0.523964
13	30	387	57	0.443542	0.412
14	31	386	56	0.641835	0.895537
15	32	385	56	0.955583	1.53927
16	33	384	56	0.956422	1.43225
17	34	383	56	1.11844	1.6753
18	35	383	56	0.751714	1.20513
19	36	382	56	1.13763	1.82343
20	37	382	55	0.931024	1.41119
21	38	382	55	0.80209	1.50421
22	39	381	55	1.10703	1.88057
23	40	381	55	0.957427	2.01066

# 4.07
idx	x	y	z	r_solid	r_surf
0	24	398	56	0.550375	0.681657
1	25	399	57	0.626562	0.919334
2	26	399	58	0.485935	0.599744
3	27	398	58	0.671169	0.79005
4	28	398	58	0.637703	0.666843
5	29	397	58	0.391545	0.366431
6	30	396	57	0.628755	0.748656
7	31	396	57	0.394954	0.489431
8	32	396	56	0.331552	0.331552

# 5.07
idx	x	y	z	r_solid	r_surf
0	41	382	55	0.654161	0
1	41	383	55	0.828442	1.26492
2	41	384	56	0.698665	0.647562
3	40	385	57	0.206	0
4	39	385	57	0.621766	0.320861
5	38	386	57	0.568927	0.568927
6	37	386	57	0.690867	0.603816
7	36	387	57	0.53005	0.476386
8	35	388	56	0.630685	0.607045
9	35	389	56	0.386431	0.386431
10	35	390	56	0.377908	0.377908
11	36	391	57	0	0
12	36	392	57	0.246	0.246
13	35	392	57	0.301333	0.301333
14	34	393	56	0.246	0.246

# 6.07
idx	x	y	z	r_solid	r_surf
0	42	381	55	1.41023	1.98333
1	42	380	55	0.922995	0
2	42	379	55	0.854031	1.57986
3	41	378	55	0.952563	1.87548

# 7.07
idx	x	y	z	r_solid	r_surf
0	42	377	55	0.931242	0
1	43	377	54	0.836049	1.39266
2	44	377	54	0.841548	1.50421
3	45	377	54	1.52442	2.15936
4	45	376	54	0.989928	0
5	45	375	54	1.0202	1.58908
6	46	374	54	1.03858	1.57885
7	47	373	53	0.92771	1.27233
8	47	372	53	1.08154	1.58735
9	47	371	54	0.962672	1.42178
10	47	370	54	1.04207	1.66572
11	47	369	54	1.12893	1.71086
12	47	368	54	1.34589	1.93751
13	48	367	53	1.33977	2.12294
14	49	366	53	1.42623	2.21954
15	50	365	53	1.67754	2.43339
16	51	364	52	1.45234	2.27068
17	52	363	52	1.73867	2.73354
18	53	362	51	1.92654	2.73895
19	52	361	51	1.47908	2.28715
20	52	360	51	1.21079	0
21	52	359	51	1.4702	2.6944
22	52	358	51	1.48825	2.22177
23	52	357	50	1.30325	2.28146
24	52	356	49	1.5858	2.42147
25	52	355	49	0.776099	1.30305
26	53	354	48	1.33759	1.56669
27	53	353	47	1.01785	1.01785

# 8.07
idx	x	y	z	r_solid	r_surf
0	41	377	55	0.935465	0
1	40	376	55	0.913765	1.27651
2	39	376	55	0.976171	1.5937
3	38	376	55	0.928819	1.12304
4	37	375	55	0.291328	0.291328
5	36	374	55	0.550123	0.550123
6	35	374	55	0.351241	0.351241
7	34	374	55	0	0

# 0.08
idx	x	y	z	r_solid	r_surf
0	155	372	1	0.246	0.246
1	156	372	1	0.331552	0.331552
2	157	372	2	0.423396	0.423396
3	158	373	3	0.539315	0.539315
4	159	373	3	0.688579	0.688579
5	160	374	3	0.472	0.472
6	161	374	3	0.816645	1.10328
7	162	374	3	0.823441	1.11167
8	163	374	3	0.731211	1.02496
9	164	374	3	0.708991	1.28345
10	165	374	3	0.816827	1.28577
11	166	373	3	0.72049	1.14357
12	167	372	3	0.97184	1.5235

# 1.08
idx	x	y	z	r_solid	r_surf
0	166	371	3	0.874478	1.27283
1	166	370	2	0.582468	1.04441
2	166	369	2	0.68731	0.853155
3	165	368	2	0.301333	0.301333
4	164	368	2	0.676892	0.676892
5	163	367	1	0.206	0.206

# 2.08
idx	x	y	z	r_solid	r_surf
0	168	373	3	1.08492	1.6011
1	168	374	3	0.801651	1.53242
2	168	375	3	0.882676	1.33685
3	169	375	3	0.952585	1.4537
4	170	376	3	0.842144	1.14098
5	170	377	3	0.681407	1.14502
6	170	378	3	0.77915	1.11289
7	171	379	4	0.815295	1.22754
8	172	380	4	0.937721	1.35812
9	173	381	4	0.809657	1.30643
10	174	382	4	1.01771	1.74181
11	174	383	4	1.30707	2.09987
12	174	383	4	0	0
13	175	384	4	1.04125	1.58549
14	176	385	4	0.978981	1.52276
15	177	386	4	1.82419	2.44091
16	178	386	4	1.71389	2.52729
17	179	385	5	1.0248	1.41541
18	180	385	5	0.844786	1.24064
19	181	385	5	0.625291	0.854519
20	182	386	5	0.833358	1.4243
21	183	387	5	1.61552	2.22585
22	184	387	5	0.70217	1.03774
23	185	388	5	0.858952	1.29407
24	186	389	5	0.931764	1.52164
25	187	390	5	0.614569	0.641723
26	188	391	6	0.693767	0.827407
27	188	392	6	0.622745	0
28	188	393	6	1.38977	1.38977
29	189	394	6	0.560646	0.661973
30	189	395	6	1.95686	2.41394
31	190	396	6	1.01329	1.45118

# 3.08
idx	x	y	z	r_solid	r_surf
0	196	405	7	0.969429	1.57958
1	195	404	7	1.05711	1.66531
2	195	403	7	0.598013	0.878305
3	194	402	7	0.975106	1.32792
4	193	401	7	1.0108	1.58294
5	192	400	7	1.33668	1.95288
6	192	399	7	0.577015	0
7	192	398	7	0.641531	1.015
8	191	397	7	0.884115	1.19404

# 4.08
idx	x	y	z	r_solid	r_surf
0	192	396	7	0.528496	0.758079
1	193	396	7	0.849949	1.35424
2	194	395	6	1.00488	0.916736

# 5.08
idx	x	y	z	r_solid	r_surf
0	197	406	7	0.453063	0.641723
1	198	405	7	0.666514	0.848275
2	198	404	7	0.508196	0.485838
3	199	403	7	0.97373	0.97373
4	200	403	7	0.274667	0.274667
5	201	403	7	0.515	0.515
6	202	403	8	0	0

# 6.08
idx	x	y	z	r_solid	r_surf
0	197	407	7	0.593032	0.712876
1	198	408	7	0.543492	0.624139
2	199	409	7	0.635789	0.921095
3	200	409	7	0.640534	0.937789
4	201	410	7	0.559142	0.762596
5	202	411	7	0.646856	0.963387
6	203	412	7	0.892331	1.26045
7	204	412	7	0.628467	1.06677

# 7.08
idx	x	y	z	r_solid	r_surf
0	205	411	7	0.726701	1.08783
1	205	410	7	0.504711	0.703328
2	204	409	7	0.413725	0.492
3	204	408	7	0.569915	0.592431
4	204	407	7	0.60925	0.689147
5	205	406	7	0	0

# 8.08
idx	x	y	z	r_solid	r_surf
0	261	488	20	0	0
1	260	487	20	0.206	0.206
2	260	486	20	0	0
3	260	485	20	0	0
4	261	484	20	0	0
5	262	484	20	0.206	0.206
6	262	483	19	0.274667	0.274667
7	262	482	18	0.351664	0.351664
8	261	481	19	0.320861	0.320861
9	260	482	19	0.206	0.206
10	259	483	19	0	0
11	258	484	20	0.594048	0.594048
12	258	484	20	0	0
13	258	484	20	0	0
14	258	483	20	0.246	0.246
15	259	482	20	0.206	0.206
16	260	481	19	0.246	0.246
17	261	481	19	0	0
18	262	481	19	0.531031	0.560788
19	263	481	19	0.467195	0.591591
20	264	480	18	0.858716	1.14535
21	265	480	18	0.713952	0.882108
22	266	480	18	0.548751	0.693859
23	267	479	17	0.685235	0.678258
24	268	478	16	0.500736	0.715213
25	268	477	16	0.645241	0.89524
26	268	476	16	0.726428	0.891854
27	268	475	16	0.981875	1.50673
28	268	474	15	0.903832	1.34336
29	268	473	15	0.776585	1.15139
30	268	472	15	0.980978	1.4028
31	269	471	14	0.927034	1.40973
32	269	470	14	0.950948	1.47576
33	269	469	14	0.944527	1.53242
34	269	468	14	0.969766	1.38292
35	269	467	14	0.998987	1.43521
36	269	466	14	0.788113	1.28326
37	269	465	14	0.914536	1.27223
38	269	464	13	0.995844	1.46978
39	268	463	12	1.0844	1.6839
40	268	462	12	1.25468	1.95355
41	267	461	11	1.09131	1.61378
42	266	460	11	1.12991	1.73028
43	265	459	11	1.29583	2.01099
44	264	458	11	1.34403	2.01512
45	263	457	10	1.05276	1.71333
46	262	456	10	1.08101	1.46353
47	261	455	10	0.944222	1.40888
48	260	454	10	0.901385	1.27853
49	259	453	10	0.857064	1.25764
50	258	452	10	0.775575	1.25438
51	258	451	10	0.934478	1.33857
52	257	450	9	0.821747	1.13501
53	256	449	9	0.737013	1.00206
54	255	449	9	0.828101	1.30299
55	254	448	9	0.844153	1.19504
56	253	448	9	0.69499	0.922468
57	252	447	9	0.783269	1.27792
58	251	447	9	0.859099	1.24428
59	250	447	8	0.819192	1.22133
60	249	447	8	0.776196	1.13255
61	248	446	8	0.8777	1.29877
62	247	446	8	0.891762	1.32757
63	246	445	8	0.854797	1.18879
64	245	444	8	0.81444	1.12005
65	244	444	8	0.787532	1.13033
66	243	443	7	3.1104	3.69722
67	242	443	7	1.42638	1.70712
68	241	443	7	1.19972	2.05219
69	240	443	7	1.04564	1.12965
70	239	443	7	0.952145	1.37538
71	238	443	7	0.95796	1.37739
72	237	442	7	1.34375	2.16491
73	236	441	6	1.44685	2.25066
74	235	440	5	1.91097	2.88554
75	234	439	4	2.40222	3.54705
76	233	439	4	1.48162	2.46175
77	232	439	4	1.25203	2.13354
78	231	439	4	1.1501	1.63096
79	230	438	4	1.53429	2.24577
80	229	438	4	0.992084	1.62183
81	228	438	4	0.721635	1.01135
82	227	437	5	0.934708	1.23251
83	226	436	6	1.05402	1.4211
84	226	436	6	0	0
85	226	435	6	0.904748	1.29421
86	226	434	6	1.05683	1.58247
87	225	433	6	1.29447	1.79943
88	225	432	6	0.962444	1.32994
89	224	431	6	1.05598	1.46704
90	223	430	6	1.20963	1.51649
91	222	429	7	1.00876	1.57839
92	221	428	7	0.905469	1.3186
93	220	428	7	1.27415	1.85899
94	219	427	7	1.06711	1.85903
95	218	426	7	1.13074	1.7171
96	217	426	7	1.21563	1.87281
97	216	425	7	0.932019	1.34793
98	215	425	7	1.18542	1.69007
99	214	424	8	1.23091	1.7576
100	214	423	8	0.942386	1.51614
101	213	422	8	0.936127	1.47449
102	212	421	7	0.954275	1.32332
103	212	420	7	0.724462	1.08491
104	211	419	7	0.883077	1.21612
105	211	418	7	0.863957	1.20567
106	210	417	7	0.976598	1.46203
107	209	416	7	1.05586	1.87146
108	208	415	7	1.11733	1.81249
109	207	414	7	1.17146	1.76418
110	206	413	7	1.1548	2.13794
111	205	413	7	1.29726	1.97177

# 0.09
idx	x	y	z	r_solid	r_surf
0	386	351	15	0	0
1	387	351	15	0.351241	0.351241
2	388	352	15	0.377908	0.377908
3	389	353	15	0.423861	0.423861
4	390	354	15	0	0
5	391	354	15	0.437489	0.437489
6	392	354	15	0.406431	0.406431
7	393	354	15	0.498837	0.533571
8	394	355	14	0.504823	0.539315
9	395	356	14	0.349	0.452
10	396	356	14	0.593192	0.853713
11	397	356	14	0.720344	1.06896
12	398	356	14	0.687788	1.05807
13	399	356	14	0.911087	1.17623
14	400	357	13	1.00442	1.57675
15	401	358	12	0.925967	1.34421
16	402	358	12	0.922002	1.14502
17	403	358	12	0.985445	1.45858
18	404	359	12	1.18527	1.69318
19	405	359	12	1.19752	1.76061
20	406	358	12	1.0733	1.73991
21	407	358	12	1.17816	1.98299
22	408	357	11	1.02614	1.5446
23	409	357	11	0.85285	1.53242
24	410	358	11	1.03429	1.73991
25	411	359	11	1.73402	2.67566
26	412	359	10	1.6409	2.49749
27	413	359	10	1.1173	1.92517

# 1.09
idx	x	y	z	r_solid	r_surf
0	413	358	10	0.906205	0
1	413	357	10	1.01201	0
2	413	356	10	1.08718	2.49426
3	413	355	10	0.955451	0

# 2.09
idx	x	y	z	r_solid	r_surf
0	414	360	10	1.15657	1.70692
1	415	360	10	1.0551	0
2	416	360	10	1.19029	1.84699
3	417	361	10	1.07693	1.68475
4	417	362	10	1.23734	1.46826
5	418	363	11	1.34168	1.58743
6	419	364	11	1.0413	1.53793
7	419	365	11	1.90546	3.02139
8	420	366	12	1.73634	2.50299
9	421	367	12	1.25925	1.96142
10	422	368	12	1.29853	1.87764
11	422	369	12	1.88384	2.8975
12	423	370	12	1.28105	1.86912
13	424	371	13	1.26331	1.86086
14	424	372	13	1.60481	3.18484
15	425	373	13	1.22691	1.82321
16	425	374	13	1.24466	1.90764
17	425	375	14	1.22545	1.70739
18	425	376	14	1.37515	2.58538
19	425	377	14	1.20519	1.61507
20	425	378	14	0.984556	2.08897
21	425	379	14	1.09269	1.57094
22	426	380	14	1.19552	1.4873
23	426	381	14	0.856056	1.47614
24	427	382	15	0.829276	1.23504
25	428	383	15	1.23452	1.80759
26	428	384	15	0.843906	1.21652
27	429	385	16	0.86827	1.23298
28	430	386	16	1.43568	2.07121
29	430	387	16	1.05072	1.28054
30	430	388	16	0.840647	1.03324
31	430	389	16	0.810656	1.0951
32	431	390	17	1.38619	1.74845
33	431	391	17	1.12401	1.6305
34	431	392	17	0.759576	1.10598
35	431	393	17	1.72186	2.2791
36	432	394	17	0.956536	1.29514
37	433	395	17	1.29498	1.92799
38	433	396	17	1.43947	2.31002
39	434	397	18	1.24175	1.90839
40	434	398	18	1.06157	1.32331
41	434	399	18	1.31424	2.00364
42	434	400	18	1.38362	2.14235
43	434	401	18	1.13067	1.57953
44	435	402	19	0.90385	1.35008
45	436	403	20	1.00648	1.35493
46	437	403	20	0.728837	0.984
47	438	402	19	0.90528	1.26325
48	439	402	19	1.02379	1.64237
49	440	402	19	1.01398	1.30929
50	440	403	19	1.13686	1.48913
51	439	404	20	0.874112	1.33438
52	439	405	20	0.738995	1.06677
53	439	406	20	0.739056	1.06677
54	439	407	20	0.942414	1.27212
55	440	408	21	0.898752	1.21476
56	441	408	21	0.86256	1.04441
57	442	409	22	1.07914	1.53665
58	443	409	22	1.15406	1.6544
59	444	409	22	1.03442	1.70007
60	445	408	21	1.09985	2.13229
61	446	408	21	1.23383	1.71735
62	446	409	21	0.920454	1.46703
63	447	410	22	1.03367	1.7341
64	448	411	22	1.06486	1.69435
65	449	412	21	0.785633	0

# 3.09
idx	x	y	z	r_solid	r_surf
0	412	354	10	0.972338	0

# 4.09
idx	x	y	z	r_solid	r_surf
0	414	354	9	1.50814	2.5678
1	415	354	9	1.36529	2.32394
2	416	354	9	1.38276	2.27958
3	417	353	9	1.59531	2.33231
4	418	353	9	1.3692	1.9714
5	419	352	9	1.16349	1.55666
6	420	351	9	0.750713	1.0615
7	421	350	9	0.49172	0.682014
8	421	349	9	0.664586	0.995396
9	421	348	9	0.933039	1.30688
10	421	347	9	1.09701	1.51156
11	421	346	10	1.31267	1.69721
12	421	345	10	1.03759	1.56238
13	422	344	10	1.05391	1.61443
14	423	343	10	0.826808	1.5006
15	423	342	10	0.958828	1.30421
16	424	341	9	0.808523	0.965023
17	425	341	9	1.01823	1.52897
18	426	340	10	0.989172	1.48822
19	427	340	10	0.908666	1.22684
20	428	339	10	1.16668	1.78357
21	429	338	10	1.29785	1.88563
22	430	337	11	1.25858	1.78474
23	431	337	11	0.956031	1.3995
24	432	336	10	1.20967	1.72938
25	433	335	10	1.1902	1.6243
26	434	334	10	0.811991	0.898343
27	435	333	10	0.820527	0.820527
28	436	332	9	0	0
29	435	331	9	1.69691	1.66898

# 5.09
idx	x	y	z	r_solid	r_surf
0	449	413	22	0.933065	1.3449
1	448	414	23	0.994904	1.58994
2	448	415	24	1.13803	1.69945
3	448	416	25	1.13402	1.60561
4	448	417	25	0.816235	1.28316
5	448	418	25	1.11236	1.59656
6	448	419	26	1.26127	1.92036
7	449	420	27	1.30485	1.92877
8	449	421	27	1.03516	1.98669
9	449	422	27	1.18834	1.74663
10	450	423	28	1.30359	1.86975
11	451	423	28	1.13818	2.06588
12	452	423	28	1.1869	1.60692
13	453	422	29	0.942378	1.02886
14	454	422	30	1.02021	1.42125
15	455	423	31	0.797505	1.22606
16	456	424	31	1.1363	1.31383
17	457	424	31	1.10658	1.64644
18	458	424	31	1.03685	1.45462
19	459	424	31	0.929497	1.3868
20	460	425	31	1.17037	1.75047
21	461	426	32	1.27582	1.82572
22	462	426	32	0.971159	1.49871
23	463	427	32	1.02989	1.56838
24	464	428	33	0.982569	1.44091
25	464	429	33	0.962381	1.41055
26	465	430	33	1.00487	1.48588
27	466	431	33	1.02348	1.38099
28	467	432	33	1.09552	1.48503
29	468	433	33	1.191	1.76591
30	469	434	33	1.19334	1.96381
31	470	435	33	1.25034	1.78906
32	471	435	33	1.03636	1.47969
33	471	435	33	0	0
34	472	436	33	1.14741	1.68361
35	473	437	33	1.27686	1.89287
36	474	438	33	1.15144	1.87956
37	475	439	33	0.992112	1.47988
38	476	440	33	0.907929	1.64853
39	477	441	33	1.27957	1.80295
40	478	441	33	1.24846	2.19465
41	479	441	33	1.27356	2.52049
42	480	441	33	1.36477	1.51604
43	481	441	33	1.7561	2.22215
44	482	441	33	2.07769	3.27726
45	483	441	33	4.13041	5.56466
46	483	440	33	0.7327	1.15139
47	483	439	33	1.0122	1.47117
48	482	438	33	0.764264	1.21351
49	482	437	33	0.994782	1.56405
50	482	436	33	1.17269	1.52862
51	483	435	33	0.961436	1.50806
52	484	434	32	1.10269	1.72383
53	484	433	32	0.888768	1.31837
54	485	432	32	1.08118	1.5488
55	485	431	32	0.833505	1.33799
56	486	430	32	1.02486	1.5266
57	486	429	32	0.90155	1.37187
58	487	428	32	0.991901	1.49929
59	487	427	32	0.941613	1.41899
60	488	426	32	0.978357	1.49406
61	488	426	32	0	0
62	489	425	32	0.979513	1.45614
63	489	424	32	0.8755	1.40793
64	489	423	32	0.85495	1.31528
65	490	422	32	1.00755	1.50836
66	490	421	32	0.804659	1.19666
67	491	420	32	0.883628	1.24113
68	491	419	32	0.808613	1.37972
69	491	418	32	0.86702	1.28108
70	492	417	32	0.892805	1.27034
71	492	416	32	0.831131	1.28345
72	492	415	32	0.875114	1.27132
73	493	414	32	0.939555	1.29832
74	493	413	31	0.982065	1.55281
75	493	412	31	1.00994	1.52951
76	494	411	31	1.09431	1.56857
77	494	410	31	1.09215	1.73182
78	494	409	31	1.10752	1.7656
79	494	408	31	1.21217	1.79732
80	494	407	30	1.24454	1.85874
81	494	406	30	1.0717	1.75262
82	494	405	30	1.19875	1.73223
83	494	404	30	1.14922	1.69595
84	494	403	30	1.0892	1.6672
85	494	402	30	1.03035	1.52659
86	494	401	30	0.842112	1.29907
87	494	400	30	0.741724	0.965777
88	495	399	30	0.857703	1.14766
89	496	398	30	0.667346	0.738323
90	495	397	29	0.774923	0.937165
91	494	396	29	0.739264	1.01251
92	494	396	29	0	0
93	494	395	29	0.580554	0.765797
94	494	394	29	0.481755	0.550577
95	495	393	29	0.558787	0.588145
96	496	392	29	0.606358	0.606358
97	496	391	29	0.710726	0.963636
98	496	390	29	0.914322	1.25986
99	496	389	29	0.960264	1.27495
100	496	388	29	1.07011	1.5047
101	497	387	29	1.11235	1.55889
102	497	386	29	1.11081	1.6032
103	497	385	29	1.10062	1.55614
104	497	384	29	1.00581	1.61072
105	497	383	29	1.05001	1.58195
106	497	382	28	1.04458	1.51911
107	497	381	28	0.927637	1.4579
108	497	380	28	0.958868	1.43201
109	497	379	28	0.980171	1.41338
110	498	378	28	0.874761	1.27254
111	498	377	28	0.93853	1.41777
112	498	376	28	0.779956	1.16597
113	498	375	28	0.675545	1.05623
114	498	374	28	0.802923	0.938329
115	499	373	27	1.14885	1.18604
116	500	373	27	0.747934	0.939654
117	500	373	27	0	0
118	501	372	27	0.841915	1.10497
119	502	371	27	0.764482	1.05147
120	502	370	27	1.03797	1.54725
121	503	369	28	0.952449	1.27853
122	503	368	28	0.924718	1.14849
123	503	367	28	1.28548	1.18197
124	503	366	27	0.844457	0.909392
125	503	366	27	0	0
126	503	365	27	1.00021	1.36298
127	503	364	27	1.06759	1.41051
128	504	363	28	1.0105	1.23237
129	504	362	29	0.953829	1.23435
130	503	361	29	1.00814	1.5397
131	503	360	29	1.11678	1.75434
132	503	359	29	1.31163	2.07511
133	503	358	29	1.97987	2.56207
134	504	357	28	1.31441	1.90553
135	504	356	28	1.47432	2.78902
136	504	355	28	2.82807	3.59216
137	504	354	27	1.11066	1.63993
138	505	353	26	1.08559	1.51538
139	505	352	26	0.866708	1.29554
140	506	351	26	1.05766	1.56023
141	506	350	26	0.921841	1.87482
142	507	349	26	3.12321	2.57208
143	507	348	26	4.39356	3.99029
144	507	347	26	4.47134	4.23241
145	507	347	25	0.351664	0.206
146	506	347	24	0.689835	0.674928
147	505	347	24	0.565735	0.565735
148	508	345	25	0.477664	0.406431
149	509	344	24	0.57466	0.648234
150	509	343	24	0.679471	0.948219
151	510	342	23	0.614128	0.781206
152	511	341	23	0.492	0.656
153	511	340	23	0.386431	0.246
154	511	339	23	0.301333	0.206
155	511	338	23	0.453776	0.462131
156	511	337	22	0.656035	0.695712
157	511	336	22	0.206	0.206
158	511	335	23	0	0
159	511	334	23	0.386431	0.386431
160	510	333	23	0.246	0.246
161	510	332	23	0.48487	0.588783
162	509	331	22	0.530364	0.66782
163	509	330	22	0.460574	0.565834
164	510	329	22	0.474372	0.54825
165	511	328	22	0.246	0.246
166	511	327	22	0.636396	0.634715
167	511	326	21	0.613515	0.556345
168	511	325	21	0.678905	0.709358
169	511	324	21	0.702342	0.702342
170	511	323	21	0	0

# 6.09
idx	x	y	z	r_solid	r_surf
0	449	411	20	1.22702	1.96177
1	450	412	19	1.27011	1.97911
2	450	413	18	1.09002	1.70836
3	450	414	17	1.15634	1.76674
4	450	415	16	1.1515	1.72914
5	449	416	15	1.04362	1.47487
6	449	416	14	1.05342	1.53634
7	449	416	13	1.04852	1.80098
8	449	416	12	0.996148	1.42943
9	448	416	11	1.00421	1.49567
10	447	416	11	0.972034	1.4564
11	446	416	10	0.858313	1.21982
12	445	416	10	0.953212	1.39681
13	444	416	9	0.931237	1.33887
14	443	417	8	0.806198	1.05952
15	443	417	8	0	0
16	442	418	8	0.853293	1.04968
17	441	419	8	0.416649	0.587298
18	440	419	8	1.50099	2.05947
19	439	419	7	1.02619	1.21973
20	438	420	6	1.18938	1.7536
21	438	420	6	0	0
22	437	421	5	1.20168	1.74198
23	437	422	5	1.16187	1.79361
24	436	423	5	1.2363	1.66886
25	436	424	5	1.2884	2.07064
26	435	425	5	1.19448	1.6742
27	435	426	5	1.26109	2.31855
28	435	427	5	1.20315	1.71339
29	434	428	5	1.00874	1.42098
30	434	429	5	1.00868	1.42908
31	433	430	4	0.90248	1.19621
32	433	431	4	0.841245	1.28326
33	433	432	4	0.744781	1.02238
34	433	433	4	0.648785	0.948809
35	432	434	4	0.64022	0.765399
36	432	435	4	1.10159	1.41066
37	433	436	3	0.781167	1.04894
38	432	437	2	0.750634	1.09754
39	432	438	2	0.76897	1.25852
40	432	439	2	0.826396	1.23004
41	432	440	2	0.614309	0.702616
42	431	441	1	0.654655	0.839953
43	430	442	1	0.934976	1.33908
44	429	443	0	0.736314	0.965189
45	429	444	0	0.617046	0.796399
46	429	445	0	0.46362	0.572431
47	429	446	0	0.541572	0.541572
48	429	447	0	0.625792	0.647776
49	428	448	0	0.481829	0
50	427	448	0	0.329	0.329
51	426	448	0	0.719165	0.719165
52	426	448	0	0	0
53	426	449	0	0.351664	0.351664
54	427	450	0	0.454586	0.425676
55	428	451	0	0.629865	0.800417
56	428	452	0	0.494	0.494
57	428	453	0	0.515103	0.515103
58	428	454	0	0.421768	0.421768
59	427	455	0	0.870653	0.870653
60	427	456	0	0.618	0.618
61	427	457	0	0.412	0.412
62	427	458	0	0.412	0.412
63	427	459	0	0.547983	0.547983
64	428	460	0	0	0
65	429	460	0	0.206	0.206
66	430	459	0	0	0

# 7.09
idx	x	y	z	r_solid	r_surf
0	411	353	9	0.863077	0
1	410	352	8	1.18187	1.81589
2	409	351	7	1.15763	1.72253
3	408	351	6	1.11731	1.49479
4	407	350	5	0.694954	0.872762
5	406	350	5	0.557754	0.766266
6	405	349	5	0.246	0
7	404	349	5	0.597942	0.613076
8	403	348	4	0.735077	0.998223
9	402	348	3	0.940326	1.27005
10	401	348	3	0.964772	1.48638
11	400	348	3	0.914586	1.2349
12	399	348	3	0.8878	1.19617
13	398	348	3	0.63149	0.854247
14	397	348	3	0.621592	0.862899
15	396	347	3	0.706755	0.984
16	395	347	3	0.747031	0.996069
17	395	346	2	0.509131	0.92126
18	395	345	2	0.825446	0.842148
19	395	344	2	1.14078	1.14078
20	394	343	1	1.223	1.17475
21	395	342	2	0.301333	0.301333
22	395	341	2	0.447452	0.447452
23	394	340	1	0.60896	0.793278
24	393	339	1	0.927966	1.22817
25	392	338	1	1.12667	1.61869
26	392	337	0	0.588571	0.824
27	392	336	0	0.681562	0.992774
28	392	335	0	0.956678	1.34182
29	392	334	0	0.931264	1.21329
30	392	333	0	0.997396	1.37254
31	392	332	0	1.00868	1.2677
32	391	331	0	0.925916	1.26551
33	390	330	0	0.871041	1.1634
34	389	329	0	0.756131	0.903556
35	388	329	0	0.643464	0.764429
36	387	328	0	0.643474	0.795275
37	386	327	0	0.371664	0.331552
38	386	326	0	0.366431	0.366431
39	385	325	0	0	0

# 8.09
idx	x	y	z	r_solid	r_surf
0	411	353	10	1.29966	2.40257
1	410	353	10	0.789294	0
2	409	352	11	1.22841	1.92817
3	408	352	11	0.975493	1.47109
4	407	352	12	1.05461	1.57305
5	406	351	13	1.02338	1.45408
6	405	350	13	0.867983	1.23655
7	404	349	13	0.599601	0.800081
8	403	348	14	0.720722	0.822523
9	402	348	14	0.6708	0.7652
10	401	348	15	0.206	0.206
11	400	348	15	0.246	0.246
12	399	348	15	0.206	0.206
13	398	348	14	0.519282	0.519282
14	397	348	14	0.206	0.206
15	396	347	15	0.568446	0.568446
16	395	347	14	0.363731	0.363731
17	394	347	14	0.541572	0.649886
18	393	347	14	0.646665	0.762873
19	392	346	14	0.704874	0.889509
20	391	346	14	0.351241	0.351241
21	390	345	15	0.592064	0.592064

# 0.1
idx	x	y	z	r_solid	r_surf
0	96	401	29	0.737488	1.00867
1	95	401	29	0.477168	0.703328
2	94	401	28	0.569137	0.751619
3	93	401	28	0.394954	0.329
4	92	400	28	0.443542	0.301333
5	91	399	29	0.608955	0.523358
6	90	399	29	0.465927	0.465927
7	89	399	29	0.443861	0.443861
8	88	398	29	0.320861	0.320861
9	87	399	29	0.246	0.246
10	86	399	29	0.433241	0.433241
11	85	398	29	0.469986	0.638639
12	84	397	28	0.52882	0.688676
13	83	397	28	0.478689	0.565834
14	82	396	28	0.586569	0.755659
15	81	395	28	0.623767	0.879793
16	80	394	28	0.634617	0.870661
17	79	394	28	0.506352	0.702482
18	78	394	28	0.53511	0.683788
19	77	394	28	0.509777	0.633123
20	76	393	28	0.358219	0.358219
21	75	393	28	0	0

# 1.1
idx	x	y	z	r_solid	r_surf
0	97	400	29	0.689916	1.08981
1	96	399	29	0.684148	1.02539
2	96	398	29	0.972922	1.69037
3	95	397	29	0.831539	1.14463
4	94	396	28	0.600788	0.819054
5	93	396	28	0.638779	0.854247
6	92	395	28	0.628666	0.881109
7	91	394	28	0.54107	0.622651
8	90	393	28	0.415719	0.396649
9	89	392	29	0.394954	0.394954
10	88	391	29	0.468106	0.468106

# 2.1
idx	x	y	z	r_solid	r_surf
0	98	399	29	1.11558	1.62732
1	99	400	29	0.871145	1.23682
2	100	400	29	0.953321	1.43165
3	101	400	29	1.1435	1.8961
4	102	400	29	1.08478	1.62565
5	103	400	29	1.02538	1.58292
6	104	401	30	1.18775	1.71763
7	105	401	30	1.1448	2.02935
8	106	401	30	1.22393	1.99666
9	107	401	30	1.14894	1.70285
10	108	401	30	1.23942	1.89141
11	109	402	30	1.11164	1.71303
12	110	402	30	1.01543	1.70247
13	111	402	30	0.880608	1.24271
14	112	402	30	1.0888	1.76115
15	113	402	31	0.7046	1.04441

# 3.1
idx	x	y	z	r_solid	r_surf
0	128	412	48	0.584101	0.916875
1	127	411	48	0.675096	0.694986
2	126	410	48	0.986881	0.986881
3	126	409	48	0.820687	0.820213
4	126	408	47	0.849887	0.84662
5	126	407	46	0.91657	0.961711
6	126	406	46	0.590954	0.492924
7	125	405	46	0	0
8	124	405	45	0.787455	0.878186
9	123	405	45	0.713221	0.740874
10	122	404	44	0.853816	1.2141
11	121	403	43	1.1232	1.62046
12	121	403	42	0.987112	1.39562
13	121	403	41	0.908895	1.26998
14	121	402	40	1.1457	1.71309
15	120	401	39	1.26769	1.98693
16	119	400	38	1.16965	1.82981
17	118	400	37	1.14427	1.82501
18	118	400	36	1.17486	1.76499
19	117	399	35	1.03578	1.49445
20	116	399	35	1.23725	1.96913
21	115	399	34	1.07523	1.5096
22	114	400	33	1.0335	1.73944
23	114	400	33	0	0
24	113	401	32	0.802941	1.43015

# 4.1
idx	x	y	z	r_solid	r_surf
0	114	403	30	0.913127	1.53242
1	115	403	30	0.961245	1.43497
2	116	403	30	1.05563	1.78072
3	117	403	30	1.01877	1.38421
4	118	403	30	0.900845	1.12158
5	119	403	30	1.00151	1.49174
6	120	404	29	1.17197	1.75897
7	121	404	29	0.995671	1.8897
8	122	404	29	0.967628	1.24607
9	123	404	29	0.982921	1.51683
10	124	404	29	0.879059	1.14989
11	125	404	29	0.870287	1.35183
12	126	403	30	0.696739	0.966799
13	127	403	30	0.61753	0.821322
14	128	404	29	0.733313	1.0592
15	129	404	29	0.652033	1.06677
16	130	404	29	0.707332	1.06677
17	131	404	29	0.681657	1.06677
18	132	404	29	0.617472	0.897498
19	133	404	29	0.662308	0.888862
20	134	405	29	0.659768	0.89399
21	135	405	29	0.67401	1.01931
22	136	405	29	0.662311	0.878226
23	137	406	29	0.658238	0.882971
24	138	406	29	0.657819	0.963696
25	139	406	29	0.569606	0.793554
26	140	406	29	0.523745	0.633123
27	141	406	29	0.542369	0.706831
28	142	406	29	0.636404	0.650845
29	143	407	29	0.381298	0.381298
30	144	407	29	0.767362	0.727785
31	145	408	28	0.246	0.246
32	146	408	28	0.605459	0.636899
33	147	407	28	0.837648	1.19126
34	148	406	28	1.01019	1.43866
35	149	406	28	0.860396	1.32842
36	150	406	28	0.704783	1.05372
37	151	406	28	0.771415	1.02908
38	152	406	27	0.835944	1.174
39	153	406	27	0.684549	0.959708
40	154	406	27	0.859183	1.23487
41	155	406	27	0.863017	1.43062
42	156	406	27	0.798809	1.06986
43	157	407	27	0.767848	1.17407
44	158	408	27	0.50362	0.698
45	159	408	27	0.534204	0.816241
46	160	408	26	0.721946	1.01519
47	161	408	26	0.724981	1.03211
48	162	408	26	0.71819	1.01377
49	163	409	26	0.778572	1.14022
50	164	410	26	0.670374	0.917633
51	165	411	26	0.565719	0.763436
52	166	411	26	0.82796	1.03777
53	167	410	26	0.832483	1.07938
54	168	410	26	0.763233	0.999554
55	169	410	26	1.3557	1.34956
56	170	409	26	0.700977	0.700977
57	171	408	25	0.755162	0.755162

# 5.1
idx	x	y	z	r_solid	r_surf
0	129	413	48	0.855801	1.34749
1	128	414	49	0.54135	0.704395
2	128	415	48	0.490763	0.641723
3	128	416	48	0.549868	0.658827
4	127	417	49	0.309	0.274667
5	126	417	49	0.512135	0.512135
6	125	416	50	0.608955	0.571673
7	124	416	50	0.793002	0.793002
8	123	416	50	0.648237	0.648237
9	122	417	50	0.386431	0.515241
10	122	418	50	0.808556	0.916853
11	123	419	50	0.576624	0.73243
12	124	420	50	0.407545	0.509431
13	124	421	50	0.66351	0.859345
14	123	421	50	0.795923	1.05992
15	122	422	51	0.586562	0.792316
16	121	422	51	0.595217	0.747718
17	120	422	51	0.820927	1.15246
18	119	422	51	0.813607	1.07513
19	118	423	51	0.6197	0.904
20	118	424	51	0.555422	0.776123
21	117	425	52	0.329	0.329

# 6.1
idx	x	y	z	r_solid	r_surf
0	138	405	47	0.320861	0.320861
1	138	406	47	0.51274	0.580905
2	137	407	47	0.50047	0.598627
3	136	408	47	0.666003	0.945576
4	136	409	47	0.506352	0.649861
5	136	410	47	0.407545	0.509431
6	135	411	48	0.465927	0.465927
7	134	411	48	0.469431	0.351241
8	133	411	48	0.58762	0.540345
9	132	411	48	0.663149	0.934754
10	131	411	48	0.741516	0.966378
11	130	412	48	0.492	0.984
12	129	412	48	0.681337	0.641723

# 7.1
idx	x	y	z	r_solid	r_surf
0	171	408	24	0.291328	0.291328
1	172	408	25	0	0
2	173	408	25	0	0
3	174	408	25	0.246	0.246
4	175	407	24	0.925121	0.925121
5	174	406	25	0.301333	0.301333
6	174	406	25	0	0
7	173	406	25	0.377908	0.377908
8	172	406	25	0.246	0.246
9	171	407	25	0.206	0.206

# 0.11
idx	x	y	z	r_solid	r_surf
0	0	184	49	0.685341	0.685341
1	1	184	49	0.386431	0.386431
2	2	184	49	0.206	0.206
3	3	183	48	0.447452	0.447452
4	4	183	48	0.206	0.206
5	5	182	49	0.517571	0.517571
6	6	182	49	0.246	0.246
7	7	181	49	0	0
8	7	180	48	0.351664	0.351664
9	7	179	48	0.274667	0.274667
10	6	178	48	0.206	0.206
11	5	178	48	0.46362	0.46362
12	4	178	48	0.46362	0.618
13	3	178	48	0.515103	0.622745
14	2	178	48	0.635633	0.635633
15	2	178	48	0	0
16	2	178	48	0	0
17	3	178	48	0	0
18	4	178	48	0	0
19	5	178	48	0	0
20	6	178	48	0	0
21	7	178	48	0.386431	0.386431
22	8	178	48	0.453386	0.453386
23	9	177	48	0.686532	0.686532
24	9	176	48	0.274667	0.274667
25	9	175	48	0.432	0.432
26	9	174	48	0.764547	0.815256
27	10	173	48	0.331552	0.331552
28	10	172	48	0.457945	0.457945
29	10	171	48	0.386431	0.515241
30	10	170	48	0.441635	0.566861
31	10	169	48	0.645789	0.922365
32	9	168	47	0.439797	0.762596

# 1.11
idx	x	y	z	r_solid	r_surf
0	8	168	48	0.445122	0.532095
1	7	169	48	0.425676	0.425676
2	6	169	48	0.206	0.206
3	5	170	48	0	0
4	4	171	48	0	0
5	3	172	48	0.331552	0.331552
6	2	173	47	0.377908	0.377908
7	2	174	47	0.246	0.246

# 2.11
idx	x	y	z	r_solid	r_surf
0	10	167	48	0.561593	0.759803
1	10	166	47	0.57816	0.802746
2	10	165	47	0.547894	0.808477
3	10	164	47	0.460574	0.515241
4	11	163	47	0.371664	0.371664
5	12	163	47	0.537542	0.671927
6	13	163	47	0.508451	0.629431
7	14	163	47	0.495361	0.611778
8	14	163	47	0	0
9	14	162	47	0.537107	0.838459
10	15	161	47	0.800751	1.08322
11	16	161	46	0.558671	0.660595
12	16	161	46	0	0
13	17	160	46	0.862886	1.16995
14	18	159	46	0.790774	1.06174
15	19	158	46	0.736463	0.999521
16	19	157	46	1.03126	1.69444
17	20	156	46	0.664702	0.641723
18	21	155	45	0.784994	1.04918
19	21	154	45	0.837437	1.26147
20	21	153	45	1.00039	1.50821
21	21	152	45	0.960404	1.58021
22	21	151	45	0.922823	1.28632
23	22	150	44	1.08179	1.60616
24	22	149	44	1.05628	1.65833
25	22	148	44	1.0607	1.61184
26	22	147	44	1.06564	1.64841
27	22	146	44	1.07494	1.58072
28	22	145	44	1.0687	1.58432
29	22	144	44	1.15422	1.84403
30	22	143	44	0.939889	1.50166
31	22	142	44	0.9815	1.5719
32	22	141	43	0.985582	1.42426
33	22	140	43	1.10407	1.66277
34	23	139	43	1.25818	2.00928
35	24	139	43	0.707332	0
36	25	139	43	1.17252	1.61996
37	25	138	43	0.980353	1.53175
38	26	137	43	1.04665	1.44058
39	26	136	43	0.816192	1.25272
40	26	135	43	1.09314	1.40793
41	26	134	42	1.08815	1.42644
42	26	133	42	1.28394	1.90455
43	27	132	43	0.861999	1.29316
44	27	131	43	0.880979	1.31604
45	27	130	43	0.880819	1.22516
46	27	129	43	0.83549	1.16645
47	27	128	43	0.605351	0.869236
48	27	127	43	0.754841	1.01274
49	27	126	42	1.07023	1.45631
50	27	125	42	0.923094	1.50696
51	28	124	43	0.911984	1.29168

# 3.11
idx	x	y	z	r_solid	r_surf
0	23	122	42	0.386431	0.386431
1	24	122	42	0.643302	0.834267
2	25	122	42	0.59472	1.02662
3	26	123	42	0.480941	0.762596
4	27	123	42	0.606183	1.06677

# 4.11
idx	x	y	z	r_solid	r_surf
0	28	122	42	0.926779	1.3971
1	29	121	42	0.95922	1.48383
2	30	120	42	0.905622	1.32625
3	30	119	42	1.02405	1.45051
4	30	118	43	0.877608	1.30561
5	30	117	43	0.777279	1.06677
6	30	116	43	0.870795	1.24937
7	30	115	43	0.914601	1.32665
8	31	114	42	0.943689	1.40595
9	32	113	42	1.1165	1.58075
10	32	112	42	0.966432	1.5289
11	32	111	42	1.10242	1.7004
12	32	110	42	0.95439	1.49344
13	32	109	42	0.897448	1.28375
14	33	108	42	1.1215	1.46194
15	33	107	42	0.683031	1.06677
16	33	106	42	0.892868	1.34633
17	34	105	42	0.859038	1.26167
18	35	105	42	0.638578	0.984
19	36	105	42	0.65595	1.06677
20	37	105	42	1.18369	1.74876
21	38	105	43	0.998609	1.40581

# 5.11
idx	x	y	z	r_solid	r_surf
0	38	104	42	0.853715	1.50245
1	39	103	42	0.763958	1.2457
2	40	102	43	0.666253	1.137
3	41	102	43	0.622458	0.760084
4	42	101	44	0.485086	0.671144
5	42	100	44	0.631457	0.782623
6	43	99	43	0.654919	0.850936
7	43	98	43	0.610658	0.83948
8	44	97	43	0.688235	0.988187
9	45	96	43	0.676146	0.888897
10	45	95	43	0.843241	1.17227
11	45	95	43	0	0
12	45	95	43	0	0
13	45	95	44	0.613519	0.834439
14	46	94	44	0.634206	0.983855
15	46	93	44	0.601366	0.591815
16	47	92	44	0.668411	0.844789
17	48	91	44	0.349	0.465333
18	48	90	44	0.246	0.246
19	49	89	43	0.381298	0.381298
20	50	89	44	0	0

# 6.11
idx	x	y	z	r_solid	r_surf
0	37	103	42	0.828857	1.67868
1	36	102	42	1.24626	1.80037
2	36	101	42	0.739579	0.862694
3	36	101	42	0	0
4	36	100	42	0.396649	0.396649
5	37	99	43	0.522499	0.522499
6	37	98	43	0.663633	0.830686
7	37	97	43	0.679944	0.847666
8	37	96	43	0.610192	0.759367
9	37	95	43	0.567486	0.891854
10	37	94	43	0.581277	0.599416
11	38	93	43	0.694885	0.898501
12	39	92	43	0.713129	0.964538
13	39	91	43	0.639328	0.817699
14	40	90	43	0.686291	0.956132
15	41	89	44	0.728622	0.978179
16	41	88	44	0.64847	0.965379
17	42	87	44	0.476	0.412
18	42	86	44	0.615267	1.02539
19	42	85	44	0.683041	0.906248
20	43	84	43	0.547583	0.656875
21	43	84	43	0	0
22	44	83	44	0.572642	0.719299
23	44	82	44	0.474453	0.553528
24	45	81	44	0.328	0.328
25	45	80	44	0.371664	0.371664
26	45	79	45	0.519217	0.519217

# 0.12
idx	x	y	z	r_solid	r_surf
0	453	475	43	0.915874	0
1	452	475	43	1.46355	2.41158
2	451	474	44	0.994309	1.46291
3	450	474	44	1.20671	2.00214
4	449	473	44	1.04669	1.56553
5	448	472	43	0.991266	1.54723
6	448	471	43	1.05466	1.85118
7	447	470	42	0.823932	1.23975
8	447	469	42	0.893281	1.21909
9	446	468	43	0.889871	1.32371
10	445	468	43	0.732697	1.06677
11	444	468	43	0.948741	1.43389
12	443	467	42	0.95755	1.57171
13	442	467	42	0.820957	1.15982
14	441	466	43	1.05254	1.59688
15	440	466	43	0.960684	1.27635
16	439	466	43	0.731756	1.12143
17	438	466	43	0.6408	1.04608
18	437	465	43	0.690658	0.991519
19	436	464	43	0.514911	0.783328
20	436	463	43	0.707827	1.0141
21	436	462	43	0.9527	1.01029
22	435	461	42	0.719086	0.713109
23	434	460	43	0.386431	0.386431
24	433	460	43	0.489431	0.489431
25	432	459	43	0	0

# 1.12
idx	x	y	z	r_solid	r_surf
0	462	493	14	0.837295	1.34782
1	461	492	15	0.8691	1.33111
2	460	492	16	0.979507	1.46276
3	459	492	17	1.06315	1.56709
4	458	491	18	0.914565	1.76853
5	457	491	19	1.27384	1.90164
6	456	491	19	1.53299	2.32091
7	455	490	20	1.49724	2.64198
8	454	489	21	1.60749	2.37777
9	454	489	22	1.4643	2.25313
10	454	488	23	1.56522	2.30815
11	454	488	24	1.42475	2.38057
12	454	488	25	1.42693	2.10087
13	454	487	26	1.33796	1.81455
14	454	487	27	1.14244	1.76287
15	454	487	28	1.4598	2.085
16	454	486	29	1.0447	1.46874
17	454	486	29	0	0
18	454	487	30	1.25701	1.78399
19	454	487	31	1.27677	1.85754
20	453	486	32	1.13271	1.82373
21	453	486	32	0	0
22	453	485	33	1.19959	1.96257
23	453	484	34	1.27102	1.79531
24	454	483	35	0.802253	1.08094
25	454	482	35	0.598328	0.703299
26	453	481	35	0.565328	0.744225
27	453	480	35	0.206	0.206
28	453	479	36	0.694822	0.913277
29	453	478	37	0.773012	1.07268
30	453	477	37	0.776455	1.02962
31	454	476	38	1.09122	1.58811
32	454	476	39	1.00944	1.73073
33	454	475	40	1.19586	1.88667
34	454	475	41	0.963523	1.69872
35	453	474	42	1.03115	1.7223

# 2.12
idx	x	y	z	r_solid	r_surf
0	454	475	43	1.05054	1.70367
1	455	476	43	0.886065	1.56484
2	456	477	43	0.935704	1.38956
3	457	478	44	0.937074	1.34747
4	458	479	44	0.969401	1.42194
5	459	480	44	1.00249	1.74834
6	460	481	44	0.814938	1.16059
7	461	481	44	0.63149	0.889401
8	462	481	44	0.624842	0.828959
9	463	482	45	0.726896	1.07772
10	464	483	45	0.666163	0.952855
11	465	483	45	0.732617	0.991905
12	466	484	44	0.663048	0.829077
13	467	485	44	0.550981	0.652641
14	468	486	44	0.301333	0.301333
15	469	487	44	0.206	0.206
16	469	488	45	0.301333	0.301333
17	470	488	45	0.45408	0.45408
18	470	488	45	0	0
19	471	489	44	0.246	0.246

# 3.12
idx	x	y	z	r_solid	r_surf
0	463	492	14	0.607957	0
1	464	491	14	0.964525	1.55627
2	464	490	14	0.885093	1.36412
3	464	489	15	0.849177	1.14036
4	464	488	15	0.969514	1.4481
5	465	487	15	0.977116	1.23858
6	465	486	15	0.719956	1.02539
7	465	485	15	0.569606	0.763188
8	465	484	15	0.246	0.492
9	466	484	15	0.612258	0.714301
10	467	483	15	0.358219	0.358219
11	468	482	15	0	0

# 4.12
idx	x	y	z	r_solid	r_surf
0	463	493	13	0.854622	1.27464
1	464	494	14	0.663721	1.10232
2	464	495	14	0.841228	1.24239
3	465	496	13	0.741056	1.11609
4	465	497	12	0.944039	1.31732
5	465	498	12	1.18727	1.55568
6	466	499	11	1.06713	1.54948

# 5.12
idx	x	y	z	r_solid	r_surf
0	467	500	12	1.62324	2.54245
1	468	499	13	0.926994	1.52132
2	469	498	13	0.842933	1.10839
3	469	497	13	0.853945	1.3157
4	470	496	14	0.592213	0.890043
5	470	495	14	0.643798	0.858785
6	470	494	14	0.731857	1.0114
7	471	493	14	0.553255	0.704408
8	471	492	14	0.605239	0.743831
9	471	491	14	0.557894	0.645431
10	471	490	14	0.634122	0.610387
11	472	489	15	0.386431	0.386431
12	473	488	15	0.246	0.246
13	473	487	15	0.437489	0.437489
14	473	486	15	0.430206	0.515241
15	474	485	15	0.574364	0.688627
16	475	484	15	0.466646	0.591815
17	476	483	15	0.654676	0.871793
18	477	482	14	0.792551	0.990277
19	477	481	14	0.547894	0.618
20	477	480	14	1.0374	1.2377
21	478	479	14	0.649081	0.680497
22	479	478	15	0.842566	0.964258
23	480	477	16	0.437489	0.423861
24	481	477	16	0.246	0.246
25	482	476	15	0.468106	0.468106
26	481	475	16	0.331552	0.331552
27	480	474	15	1.00472	1.00472
28	480	474	15	0	0
29	481	473	15	0.436649	0.436649
30	482	473	15	0.430547	0.492054
31	483	472	15	0.291328	0.291328
32	484	471	15	0.634802	0.634802
33	485	470	15	1.02326	1.06407
34	486	469	15	1.10369	1.37596
35	487	468	15	1.03243	1.40423
36	488	467	15	1.14625	1.55524
37	489	466	14	1.02411	1.51514
38	490	466	14	1.05013	1.8078
39	491	466	14	1.29355	1.96197
40	492	465	14	1.24137	1.78487
41	493	465	14	1.35274	2.00883
42	494	464	13	1.22756	1.76054
43	495	464	13	1.21955	1.8825
44	496	463	13	1.271	2.13279
45	497	462	13	1.48473	2.09721
46	498	462	13	1.34439	2.19323
47	499	462	13	1.26919	1.86678
48	500	462	13	1.052	1.6165
49	501	462	13	0.906767	1.342
50	502	461	13	1.11289	1.6807
51	503	461	13	0.76268	1.04387
52	504	460	13	0.867699	1.26618
53	505	460	13	0.691147	1.00608
54	506	460	13	0.57355	0.821443
55	507	459	12	0.687512	1.02176
56	508	458	12	0.91709	1.33756
57	509	457	11	0.783758	1.18167
58	509	456	11	0.884125	1.34016
59	510	455	11	0.7166	1.00993
60	510	454	11	0.8399	1.06677
61	511	453	11	0.5904	0.984
62	511	452	11	0.652033	1.01159
63	510	451	11	1.00008	1.40765
64	509	451	11	0.821241	1.53242
65	508	450	11	0.947584	1.44138
66	507	450	11	0.76835	1.08038
67	506	450	10	0.744731	0.928734
68	505	450	10	0.523729	0.632314
69	504	449	10	0.492	0.984
70	503	449	10	0.989428	1.2281
71	502	450	9	0.732294	1.10155
72	501	450	9	0.75174	1.25972
73	500	450	9	1.46117	2.05515
74	499	451	8	1.07052	1.77672
75	498	451	8	1.18962	1.76365
76	497	451	7	0.990666	1.45418
77	496	451	6	0.991888	1.44148
78	495	451	5	0.895954	1.31851
79	494	451	5	1.17146	1.72085
80	493	452	4	1.01607	1.51288
81	493	453	4	0.796168	1.1557
82	492	454	3	0.960958	1.33844
83	491	454	3	0.841624	1.23064
84	490	454	3	0.811588	1.04801
85	489	454	3	0.78121	1.0709
86	488	455	2	0.907934	1.06001
87	487	455	2	0.377908	0.377908

# 6.12
idx	x	y	z	r_solid	r_surf
0	475	511	4	0.206	0.206
1	474	511	5	0.794786	0.86742
2	473	511	6	0.787993	1.0538
3	472	510	7	0.882569	1.28066
4	471	509	8	0.888147	1.30004
5	470	509	8	1.09811	1.90259
6	469	508	9	1.18323	1.69563
7	469	507	9	0.802539	0
8	469	506	9	0.863052	1.50421
9	469	505	9	1.08941	1.55156
10	468	504	10	0.933296	1.68799
11	468	503	10	1.05957	1.61383
12	467	502	11	0.966708	1.96314
13	467	501	11	0.716852	0
14	467	500	11	1.06397	1.68357

# 0.13
idx	x	y	z	r_solid	r_surf
0	139	0	34	0	0
1	140	0	33	0.386431	0.386431
2	141	0	33	0.545919	0.691927
3	142	0	33	0.623017	0.782342
4	143	0	33	0.76979	1.19358
5	144	0	33	0.912749	1.28664
6	145	0	33	0.774173	0.984
7	146	0	33	0.834228	1.18532
8	147	1	32	1.12909	1.59417
9	148	1	32	1.02948	1.62137
10	149	1	32	0.719956	0.854247
11	150	1	32	0.624369	0.854247
12	151	1	32	0.901739	1.14711
13	151	2	32	0.893995	1.56484
14	152	3	32	0.83439	1.09002
15	153	4	31	1.33876	1.95293
16	153	5	31	0.824786	1.58021
17	153	6	32	0.971647	1.43213
18	153	7	32	0.959744	1.25731
19	153	7	31	0.770796	1.11206
20	154	7	30	1.07633	1.54485
21	155	7	30	1.12243	1.93794
22	156	8	29	1.04482	1.49609
23	157	8	29	0.971945	1.72592
24	158	8	29	1.06366	1.30945
25	159	9	29	0.942039	1.32355
26	160	10	29	0.880295	1.25339
27	161	10	29	0.860779	1.48694
28	162	10	29	0.967766	1.38846
29	163	10	29	0.933039	1.3713
30	164	10	29	0.931617	1.33948
31	165	11	29	0.901647	1.33438
32	166	11	29	0.71838	1.15427
33	167	11	29	1.1547	1.64457
34	168	11	28	0.974871	1.67101
35	169	12	27	1.15462	1.59991
36	170	12	27	1.24093	2.2348
37	171	12	27	1.28045	2.11794
38	172	12	27	1.48899	2.15788
39	173	12	26	1.28414	1.9027
40	174	12	26	1.08368	1.70515
41	175	12	26	1.13079	1.634
42	176	12	26	1.07449	1.77434
43	177	12	26	1.08627	1.86468
44	178	12	26	1.04867	1.50336
45	179	12	25	1.0095	1.36367
46	180	12	25	1.09145	1.75823
47	181	12	25	0.94818	1.44744
48	182	12	25	0.892482	1.21059
49	183	12	25	0.847225	1.22003
50	184	13	25	0.816121	1.16761
51	185	14	24	1.01339	1.42612
52	186	14	24	0.845194	1.22172
53	187	15	23	0.942465	1.39821
54	188	15	23	0.882286	1.48378
55	189	16	23	0.815832	1.04697
56	190	16	23	0.739114	1.03704
57	191	17	23	0.684775	1.01933
58	192	18	22	0.819395	1.08131
59	193	18	22	0.727505	1.05807
60	194	18	22	0.873679	1.25232
61	195	19	21	0.990397	1.51734
62	196	19	21	0.91474	1.32507
63	197	19	21	0.887026	1.48628
64	198	19	21	0.840845	1.16542
65	199	20	20	0.989743	1.38719
66	200	20	19	1.08392	1.63664
67	201	20	18	1.08271	1.59015
68	202	20	18	0.938714	0
69	203	20	18	0.856838	1.43137
70	204	20	18	1.02206	1.48248
71	205	20	17	1.26596	1.8946
72	206	20	17	1.12032	1.745
73	207	20	16	1.18645	1.83506
74	208	20	16	1.25029	1.94979
75	209	19	15	0.972682	1.69043
76	210	19	15	0.937874	1.69043

# 1.13
idx	x	y	z	r_solid	r_surf
0	187	0	14	0	0
1	188	0	14	0.868249	0.877944
2	189	0	15	0.647604	0.79232
3	190	0	15	0.808814	1.13372
4	191	0	15	1.0368	1.38348
5	192	0	15	1.02525	1.54371
6	193	0	15	1.00627	1.66592
7	194	1	15	1.1912	1.78306
8	194	2	15	1.078	1.68313
9	195	3	15	1.44867	2.10001
10	195	4	15	1.03797	1.49127
11	196	5	15	1.07025	1.27409
12	197	6	15	1.14947	1.70763
13	198	7	16	0.946893	1.23493
14	198	7	16	0	0
15	199	8	16	0.824314	1.21351
16	200	8	16	0.7917	1.19926
17	201	8	16	1.08616	1.47412
18	202	9	15	0.994138	1.53646
19	203	9	15	0.934677	1.5332
20	204	9	15	0.863069	1.28053
21	205	9	15	1.00804	1.4648
22	206	10	15	1.2648	2.00218
23	206	11	15	1.14313	1.93425
24	207	12	15	1.19628	2.11428
25	208	13	15	1.86327	2.69585
26	208	14	15	0.986514	2.13354
27	208	15	15	1.15988	1.95749
28	208	16	15	1.08224	1.64476
29	209	16	15	1.18708	1.86518
30	210	17	15	1.62943	2.15492
31	211	18	15	1.84426	2.50707

# 2.13
idx	x	y	z	r_solid	r_surf
0	211	19	15	1.06627	1.58335
1	212	20	16	1.15562	1.79951
2	213	20	16	1.27132	1.50421
3	214	21	16	1.28202	1.81296
4	215	21	16	0.964595	1.49481
5	216	21	16	1.9262	2.88917
6	217	22	16	1.07384	1.8526
7	218	23	17	1.21529	1.7586
8	219	23	16	1.05765	1.79833
9	220	23	16	1.42262	2.11529
10	221	24	16	1.17613	2.18588
11	222	24	16	1.28489	2.00074
12	223	25	16	1.24443	2.03978
13	224	26	16	1.48134	2.00271
14	224	27	16	0.891154	1.61143
15	224	28	16	1.07878	1.62545
16	225	29	16	0.786991	1.15591
17	226	30	15	0.853948	1.12998
18	227	30	15	1.27094	1.83996
19	228	29	15	1.04121	1.7223
20	229	29	15	1.21339	1.8961
21	230	29	15	1.33653	2.49614
22	231	29	15	1.15107	1.99358
23	232	29	15	1.17087	1.80207
24	233	30	15	1.04637	1.38472
25	234	31	15	1.30936	1.83492
26	235	32	15	1.25079	1.66703
27	236	33	14	1.15707	1.75575
28	237	34	14	1.19603	1.6538
29	238	35	14	1.04651	1.62501
30	239	36	14	0.94941	1.47849
31	240	36	14	1.12368	1.60719
32	240	37	14	1.03086	1.70979
33	241	38	14	1.04127	1.61252
34	242	39	14	1.24807	1.65518
35	242	40	14	0.854158	1.33966
36	242	41	14	0.920477	1.33222
37	243	42	14	0.790401	1.0378
38	244	43	14	0.638962	0.963387
39	245	44	14	0.503087	0.657174
40	246	44	14	0.929273	1.25008
41	247	43	14	1.12088	1.46732
42	247	42	14	0.605454	0.812861
43	248	41	14	1.19773	1.59298
44	248	41	14	0	0
45	249	41	14	1.09282	1.44327
46	250	41	14	1.10903	1.17695
47	251	41	14	0.979413	1.28996
48	252	41	14	0.974423	1.37493
49	253	40	13	1.00657	1.4199
50	254	40	13	0.781503	1.28345
51	255	40	13	0.767689	1.10331
52	256	40	13	0.759638	1.0667
53	257	41	12	0.79361	1.15603
54	257	42	12	0.941954	1.28879
55	258	42	12	0.7117	0
56	259	42	12	0.866562	1.27272
57	260	43	12	0.898573	1.33208
58	261	43	12	1.0767	1.65718
59	262	44	11	1.61315	2.23728
60	263	44	11	1.55909	2.33681
61	264	44	11	1.1443	1.8128
62	265	44	11	0.99764	1.51041
63	266	44	11	0.785281	1.12739
64	267	45	11	0.853013	1.31919
65	268	46	11	1.49832	1.70723
66	269	47	11	1.83981	1.90967
67	270	48	10	1.65288	2.35282
68	271	49	9	1.5464	2.14381
69	272	50	9	0.924245	1.06693
70	273	51	10	0.939402	1.37035
71	274	52	10	0.767333	1.11945
72	274	53	10	1.21787	1.731
73	275	54	10	0.885688	1.5112
74	276	55	10	1.27196	1.96111
75	277	56	9	1.17966	1.89422

# 3.13
idx	x	y	z	r_solid	r_surf
0	232	90	0	0.351241	0.351241
1	233	89	0	0.412	0.412
2	234	89	0	0.674622	0.88209
3	235	88	0	0.97002	1.27755
4	236	88	0	1.03881	1.47068
5	237	88	0	1.20164	1.79161
6	238	88	0	1.04717	1.47877
7	239	88	0	1.17115	1.52958
8	240	87	0	1.05652	1.53691
9	241	86	0	0.92699	1.46626
10	242	85	1	1.17357	1.73322
11	243	84	2	1.25025	1.86727
12	244	83	2	0.881572	1.23068
13	245	82	3	0.945182	1.32305
14	246	81	4	0.930395	1.39914
15	247	80	4	1.07418	1.57787
16	248	79	5	1.08617	1.59917
17	249	78	5	1.19676	1.89405
18	250	77	5	1.47322	2.33458
19	251	76	6	1.26577	2.04346
20	251	75	6	1.33947	2.01273
21	252	74	6	1.53871	2.258
22	253	74	6	1.17557	2.13354
23	254	74	6	1.33445	2.01797
24	255	73	6	1.2809	1.83174
25	255	72	6	1.29606	1.93202
26	256	71	7	1.36496	2.15892
27	257	70	7	1.35325	1.91258
28	257	69	7	1.45575	2.27133
29	258	68	7	1.39903	2.13101
30	259	67	7	1.46777	2.36609
31	260	66	7	1.74414	2.45508
32	261	66	7	1.14808	1.76728
33	262	65	7	1.06959	1.31662
34	263	64	7	1.16236	1.5788
35	264	63	8	1.83576	2.37785
36	265	63	8	0.675758	0.923948
37	266	62	8	1.0781	1.33088
38	267	61	8	1.88845	2.52925
39	268	60	8	1.25771	1.41531
40	269	59	9	1.62637	1.7378
41	270	59	10	1.65113	1.65113
42	271	59	10	0.587554	0.587554
43	272	58	10	0.625285	0.814927
44	273	58	10	0.950883	1.34886
45	274	57	10	0.835377	1.5006
46	275	57	10	1.06599	2.49426
47	276	57	10	1.40034	2.22248

# 4.13
idx	x	y	z	r_solid	r_surf
0	278	57	9	1.26798	2.12397
1	279	57	9	1.27681	1.99729
2	280	58	9	1.35656	2.18055
3	281	58	9	1.24377	1.90912
4	282	59	9	1.31016	1.90186
5	283	60	8	0.986322	1.49843
6	284	60	8	0.969445	1.34435
7	285	61	9	1.06037	1.89364
8	286	61	9	0.948956	1.46056
9	287	62	9	1.04237	1.39427
10	288	62	9	1.1092	1.83988
11	289	62	9	1.12471	1.74651
12	290	62	9	1.05388	1.82275
13	291	62	9	1.2333	1.7216
14	292	63	8	1.06928	1.6341
15	293	63	8	0.815696	1.236
16	294	63	8	0.852589	1.23323
17	295	64	7	0.720509	0.992051
18	296	64	7	0.751253	1.31148
19	297	64	7	0.867188	1.2494
20	298	64	7	0.985364	1.44821
21	299	64	7	0.994316	1.2981
22	300	64	6	0.750496	1.01569
23	301	64	6	0.882732	1.15603
24	302	65	6	0.903494	1.27116
25	303	66	6	0.848021	1.13366
26	304	67	6	1.01189	1.46559
27	305	68	6	0.838967	1.29446
28	306	69	6	0.592984	0.863987
29	307	70	6	0.810317	1.1737
30	308	70	6	0.991446	1.62404
31	309	70	5	0.818479	1.14851
32	310	70	5	1.32653	1.93236
33	311	71	6	1.04709	1.58581
34	312	72	6	1.0362	1.55951
35	313	73	6	0.912672	1.29128
36	314	74	5	0.900415	1.2881
37	315	74	5	0.951905	1.53856
38	316	74	4	0.997626	1.56945
39	317	74	4	1.1401	1.75079
40	318	73	4	0.822167	1.05254
41	319	72	4	0.585972	0.884455
42	320	72	4	0.775278	1.03477
43	321	72	4	0.75701	0.945385
44	322	72	4	0.708462	0.985385
45	323	72	4	0.730104	1.08038
46	324	73	4	0.766432	1.11776
47	325	74	4	0.518196	0
48	325	75	4	0.641032	0.889401
49	325	76	4	0.549652	0.627298
50	324	77	4	0.985686	1.08971
51	327	76	4	1.10793	1.18707
52	327	75	4	0.579967	0.830934
53	328	74	3	0.699435	1.07836
54	329	74	3	0.652591	0.873446
55	330	75	3	0.813056	1.06677
56	331	75	3	0.832844	1.15961
57	332	76	2	1.33116	1.7544
58	333	76	1	0.949976	1.34125
59	334	76	1	0.685169	0.824
60	335	76	1	0.65595	0.889401
61	336	76	1	0.642999	0.830989
62	337	77	1	0.629583	0.8283
63	337	78	1	0.988538	1.37564
64	338	79	1	0.679175	1.10991
65	339	80	1	0.599572	0.833298
66	339	81	1	0.838422	1.06483
67	340	82	0	0.568319	0.654519
68	341	83	0	0.246	0.246

# 0.14
idx	x	y	z	r_solid	r_surf
0	327	460	59	0.206	0.206
1	328	460	58	0.409095	0.409095
2	329	459	58	0.555328	0.575803
3	330	458	59	0.301333	0.301333
4	331	458	59	0.377908	0.377908
5	332	457	58	0.381298	0.381298
6	333	457	57	0.60243	0.691537
7	334	457	57	0.467863	0.497328
8	335	456	56	0.582809	0.82189
9	336	456	56	0.558623	0.747728

# 1.14
idx	x	y	z	r_solid	r_surf
0	335	455	57	0.450203	0.605439
1	334	455	57	0.389272	0.515241
2	333	455	57	0.301333	0.301333
3	332	454	57	0	0

# 2.14
idx	x	y	z	r_solid	r_surf
0	337	455	57	0.538251	0.595595
1	338	454	57	0.246	0
2	339	453	56	0.544272	0.544272
3	340	453	56	0	0
4	341	452	55	0.467102	0.467102
5	342	452	54	0.535164	0.559797

# 3.14
idx	x	y	z	r_solid	r_surf
0	343	451	54	0.408287	0.566861
1	344	451	54	0.760466	1.13056
2	345	451	53	0.737896	1.15417
3	346	451	53	1.00179	1.41224
4	347	450	53	0.935707	1.34795
5	348	449	53	1.54858	2.16482
6	349	449	52	1.03368	1.56316
7	350	449	52	1.34972	2.04714
8	351	448	52	1.44193	2.10331
9	352	448	52	1.40177	2.15943
10	353	448	52	1.42959	2.17491
11	354	448	52	1.40461	2.38796
12	355	448	52	1.44047	2.13747
13	356	448	51	1.37865	1.99706
14	357	448	51	1.10464	1.68789
15	358	448	51	1.14362	1.66992
16	359	448	51	1.07487	1.65433
17	360	448	51	0.97048	1.42365
18	361	448	51	0.901567	1.46524
19	362	448	51	0.788113	1.19541
20	363	448	51	0.758198	1.05974
21	364	448	50	0.899232	1.25695
22	365	448	50	0.720344	0.959708
23	366	447	50	0.77035	1.0919
24	367	447	50	1.05064	1.34933
25	368	448	49	0.947938	1.37129
26	369	448	49	0.970997	1.5821
27	370	448	49	1.12296	1.62915
28	371	448	49	1.17016	1.68156
29	372	448	49	1.09547	1.68424
30	373	448	49	1.14642	1.69047
31	374	449	48	1.04051	1.56626
32	375	450	48	1.09605	1.57037
33	376	450	48	1.05881	1.62615
34	377	450	48	1.13246	1.8079
35	378	450	48	1.20342	1.84909
36	379	451	48	1.18272	1.79628
37	380	451	48	1.14058	1.92517
38	381	451	48	1.17323	1.96792
39	382	451	48	1.12079	1.67011
40	383	451	48	1.12098	1.68898
41	384	451	48	1.14956	1.62447
42	385	451	48	1.02802	1.35008
43	386	451	48	0.853624	1.28345
44	387	451	48	0.880164	1.27918
45	388	452	47	1.14101	1.49811
46	389	452	47	0.824434	1.23198
47	390	453	47	0.771922	1.17381
48	391	453	46	0.844532	1.20306
49	392	453	46	0.97859	1.33542
50	392	454	46	0.593226	0.853713
51	393	455	47	0.652005	0.800715
52	394	456	47	0.608952	0.902183
53	395	456	47	0.786433	0.962793
54	396	457	46	0.547937	0.547937

# 4.14
idx	x	y	z	r_solid	r_surf
0	342	450	55	0.556345	0.707908
1	342	449	55	0.530931	0.592431
2	342	448	55	1.2844	1.25012
3	341	447	55	1.1122	1.1122
4	340	447	55	0.492	0.492
5	339	447	55	0.301333	0.301333
6	338	447	55	0.363731	0.363731
7	337	447	56	0.500012	0.669022
8	336	447	56	0.423396	0.423396
9	335	447	57	0.485469	0.485469
10	335	447	57	0	0
11	334	448	57	0.416649	0.416649
12	333	447	58	0.479854	0.479854
13	332	447	58	0.558954	0.5424
14	331	447	58	0.584071	0.590954
15	330	447	58	0.636899	0.636899

# 0.15
idx	x	y	z	r_solid	r_surf
0	343	154	0	0.274667	0.274667
1	344	153	1	0.590413	0.606633
2	344	153	1	0	0
3	345	152	1	0.566628	0.566628
4	346	151	1	0.274667	0.274667
5	345	150	1	0.439313	0.439313
6	344	149	0	0.246	0.246
7	343	149	0	0	0
8	342	149	0	0.206	0.206
9	341	150	1	0.246	0.246
10	340	150	1	0.246	0.246
11	339	150	1	0.562668	0.562668
12	338	151	2	0.430209	0.274667
13	337	152	2	0.763367	0.961382
14	336	152	2	0.760564	1.09255
15	335	151	2	1.34027	1.7794
16	335	151	2	0	0
17	336	150	3	0.786998	1.00294
18	337	149	4	0.396649	0.396649
19	338	148	4	0.206	0.206
20	339	147	4	0.851515	0.851515
21	340	146	4	0.634644	0.585639
22	341	146	4	0.418199	0.418199
23	342	145	3	0.620775	0.786846
24	342	144	3	0.762993	1.14626
25	342	143	3	0.806086	1.13372
26	341	143	3	1.27996	1.72041
27	341	143	3	0	0
28	342	142	3	1.01317	1.68045
29	343	141	3	1.07895	1.49268
30	344	141	3	0.796014	1.28345
31	345	141	3	0.83101	1.14559
32	346	140	3	0.859994	1.34599
33	347	139	3	0.81444	1.13809
34	348	139	3	0.813454	1.09106
35	349	138	3	0.769246	0.979689
36	349	137	3	0.60855	0.971854
37	349	136	3	0.694729	1.02844
38	350	135	2	0.646156	0.740664
39	351	135	2	0.67302	0.98316
40	352	134	2	0.766167	1.10959
41	353	133	2	0.74123	1.06517
42	354	132	2	0.644905	0.742773
43	355	132	2	0.567082	0.757845
44	356	131	3	0.768819	1.0758
45	357	131	3	0.698473	0.98005
46	358	131	2	0.630815	0.852108
47	359	131	2	0.515934	0.682014
48	360	130	2	0.556522	0.762596
49	360	129	2	0.760235	1.06871
50	361	129	2	0.677748	1.33032
51	362	129	2	0.689072	0.976517
52	363	128	3	0.831032	1.14299
53	364	128	3	0.978546	1.59934
54	365	129	2	0.70529	1.00493
55	366	129	2	0.83671	1.29998
56	367	129	2	0.886026	1.29351
57	368	129	2	0.781589	1.01435
58	369	129	2	1.07943	1.21087
59	369	129	3	1.18753	1.7895
60	370	130	4	0.806431	1.07176
61	371	130	5	0.69665	0.702482
62	372	131	6	0.544167	0.582656

# 1.15
idx	x	y	z	r_solid	r_surf
0	371	172	13	0.690862	0.965151
1	371	171	13	0.720571	1.1863
2	371	170	13	0.814141	1.14501
3	371	169	13	0.782507	1.05445
4	372	168	13	0.841946	1.19557
5	372	167	13	0.99889	1.49607
6	372	166	12	0.691661	0.890568
7	372	165	12	0.67271	0.852108
8	371	164	12	0.81712	1.05581
9	371	163	12	0.731062	1.12143
10	371	162	12	0.883881	1.24294
11	371	161	13	0.983354	1.45418
12	370	160	13	0.887915	1.31107
13	370	159	13	1.10951	1.63879
14	370	158	12	0.95641	1.34
15	370	157	12	0.854449	1.45466
16	370	156	12	1.03817	1.45783
17	370	155	12	0.97928	1.62362
18	370	154	12	0.96902	1.46652
19	370	153	12	0.881498	1.51191
20	370	152	12	1.02175	1.52164
21	370	151	11	0.862406	1.18368
22	370	150	11	0.828821	1.29049
23	370	149	11	1.01387	1.50014
24	370	148	11	1.0587	1.51782
25	370	147	11	0.987934	1.36797
26	370	146	11	0.933867	1.44729
27	370	145	11	1.10037	1.43819
28	371	144	10	1.1157	1.67096
29	371	143	10	1.08644	1.92325
30	371	142	10	1.10076	1.65626
31	371	141	10	1.11359	1.59739
32	371	140	9	1.08762	1.49895
33	371	139	9	0.935631	1.33824
34	371	138	9	0.802942	1.31755
35	371	137	9	0.837999	1.14449
36	372	136	8	0.857185	1.5463
37	373	135	8	1.10472	1.53049
38	373	134	8	1.0203	1.6216
39	373	133	8	1.04318	1.55847
40	373	132	7	1.09742	1.57573
41	373	131	7	1.21426	2.22801

# 2.15
idx	x	y	z	r_solid	r_surf
0	372	130	7	1.11523	1.43292
1	373	129	6	0.749071	1.26492
2	374	128	5	1.16298	1.68212
3	375	127	6	1.14842	1.78686
4	376	127	6	1.1748	1.7135
5	377	126	5	0.989984	1.57646
6	378	125	4	1.333	1.98571
7	379	125	4	1.11576	1.82327
8	380	125	4	0.912122	1.35755
9	381	125	4	0.794352	1.03842
10	382	124	4	0.869874	0.95899
11	383	123	4	0.592379	0.592379
12	384	122	4	0.906307	0.950406
13	385	122	3	0.916345	1.27523
14	386	122	3	1.148	1.40925
15	387	122	2	1.02213	1.40893
16	388	122	2	1.3659	1.85585
17	389	122	2	1.46961	1.7479
18	390	122	2	1.38936	1.8744
19	391	122	2	1.23534	1.62956
20	392	122	2	0.903761	1.36398
21	393	122	2	0.695945	1.28933
22	394	122	2	0.52413	0.680234
23	395	122	2	0.477679	0.626358
24	396	121	3	0.878273	1.16674
25	397	121	3	0.506697	0.658328
26	398	120	2	0.905073	1.35907
27	399	120	2	0.614053	0.855818
28	400	119	2	1.10867	1.53735
29	401	119	2	1.15454	1.88068
30	402	120	2	0.661345	0.914557
31	403	120	2	0.739056	1.01324
32	404	120	2	0.738413	1.02629
33	405	119	2	0.799402	1.15842
34	406	118	2	1.14237	1.60073
35	407	117	2	1.02787	1.39789
36	408	116	2	0.923338	1.21645
37	409	115	2	0.559992	0.559992
38	410	115	2	0.785772	0.785772
39	411	114	2	0.371664	0.371664
40	412	113	2	0	0
41	413	113	1	0	0
42	414	113	1	0.523358	0.523358
43	415	113	1	0.907822	0.9698
44	416	112	1	1.61494	1.68223
45	416	111	1	0.549491	0.716489
46	417	110	1	0.83275	0.943832
47	418	109	1	0.815254	1.2486
48	419	108	1	0.938232	1.39555
49	420	108	1	1.28941	1.84969
50	421	107	0	0.879689	1.41309
51	422	107	0	0.920898	1.47629
52	423	106	0	1.02687	1.40303
53	424	106	0	0.91716	1.37164
54	425	106	0	0.819522	1.06014
55	426	106	0	0.884312	1.06014
56	427	106	0	0.933285	1.25164
57	428	106	0	1.03612	1.48212
58	429	105	0	0.857355	1.15636
59	430	105	0	1.15418	2.04573
60	431	104	1	1.07534	1.51263
61	432	104	1	1.03653	1.61214
62	433	103	1	0.681086	0.900064
63	434	102	2	0.5205	0.5205

# 3.15
idx	x	y	z	r_solid	r_surf
0	370	173	13	0.622783	0.798699
1	369	172	14	0.427931	0.503889
2	368	171	14	0	0
3	367	171	14	0	0

# 4.15
idx	x	y	z	r_solid	r_surf
0	371	174	13	0.431538	0.382053
1	371	175	13	0.351241	0.351241
2	371	176	13	0.618	0.618
3	371	177	13	0.874332	0.953816
4	371	178	13	0.837665	1.16145
5	371	179	13	0.962607	1.34198
6	372	180	14	0.741622	1.0907
7	372	181	14	0.876027	1.35991
8	371	182	15	0.797749	1.01602
9	371	183	15	0.595317	0.789908
10	371	184	15	0.835506	1.0024
11	371	185	15	1.28187	1.36183
12	370	186	14	0.657275	0.85757
13	370	187	14	0.78638	1.2615
14	370	188	14	1.08836	1.51565
15	370	189	14	1.22979	1.66193
16	370	190	14	1.43171	1.94433
17	369	191	15	0.599982	0.836673
18	369	192	15	0.742636	1.1071
19	369	193	15	1.46272	1.6957
20	368	194	15	0.675859	0.884742
21	367	195	15	0.629583	0.834405
22	367	196	15	0.559873	0.800715
23	367	197	15	0.902757	1.13203
24	367	198	15	0.852643	1.27742
25	367	199	15	0.835533	1.32432
26	368	200	15	1.19646	1.67258
27	368	201	15	0.978584	1.43329
28	367	202	15	0.885766	1.36182
29	367	203	15	0.902641	1.44643
30	367	204	15	1.02569	1.4642
31	367	205	15	1.00612	1.46206
32	367	206	15	0.999773	1.45124
33	367	207	15	0.964434	1.39593
34	366	208	15	1.1119	1.60201
35	366	209	15	1.03442	1.65169
36	366	210	16	1.1434	1.73093
37	365	211	16	1.17566	1.65332
38	365	212	16	1.03024	1.80492
39	365	213	16	1.25162	1.78836
40	364	214	17	1.27534	1.88169
41	364	215	17	1.10561	1.95887
42	363	216	17	1.30471	1.87702
43	363	217	17	1.30298	1.97063
44	363	218	18	1.26748	1.84004
45	363	219	18	1.12901	1.81372
46	363	220	18	1.21341	1.80227
47	363	221	18	1.06779	1.8567
48	363	222	18	1.02268	1.46466
49	362	223	18	1.19747	1.62958
50	362	224	18	0.780812	1.40793
51	362	225	18	0.73032	1.00791
52	362	226	19	0.942643	1.56039
53	362	227	19	0.919536	1.25002
54	362	228	20	0.728365	1.02798
55	362	229	20	0.794851	1.25959
56	362	230	20	1.00508	1.49061
57	362	231	20	0.948777	1.44761
58	362	232	20	1.14416	1.70285
59	362	233	19	1.036	1.5082
60	362	234	19	0.922251	1.45479
61	362	235	19	0.890346	1.36643
62	362	236	19	1.04874	1.60628
63	362	237	20	1.26023	1.89076
64	362	238	20	1.02251	2.01066
65	362	239	20	1.19538	1.69636
66	363	240	20	1.07216	1.60073
67	364	241	21	1.23122	1.65966
68	365	241	21	0.597073	0.959708
69	366	242	20	0.743281	0.95113
70	367	243	20	0.678861	1.02872
71	368	244	21	0.492736	0.574766
72	369	245	21	0.246	0.246
73	370	246	21	0.206	0.206
74	371	247	21	0	0

# 0.16
idx	x	y	z	r_solid	r_surf
0	347	305	56	0	0
1	348	305	57	0	0
2	349	305	57	0.857838	0.857838
3	350	306	58	0.377908	0.377908
4	351	306	58	0.505945	0.505945
5	352	306	58	0.542369	0.569498
6	353	306	58	0.635871	0.776123
7	354	307	58	0.929507	1.24456
8	355	307	58	0.636403	0.854247
9	356	308	58	0.79141	1.07486
10	357	309	58	0.545872	0.599744
11	358	309	58	0.524542	0.673659
12	359	308	57	0.668514	0.873787
13	360	308	57	0.571357	0.698
14	361	308	57	0.72083	0.943383
15	362	309	57	0.765607	1.08173
16	363	309	57	0.593192	0.853713
17	364	309	57	0.725282	0.969486
18	365	309	56	0.819902	1.12784
19	366	309	56	0.719778	1.02238
20	367	309	56	0.740544	1.00349
21	368	309	56	0.730131	1.02862
22	369	310	56	0.661493	0.953029
23	370	310	56	0.635858	0.959708
24	371	310	56	0.710652	1.00366
25	372	310	55	0.714559	1.02638
26	373	310	55	0.750908	1.05291
27	374	311	56	0.844277	1.32804
28	375	311	56	0.677349	0.702482
29	376	312	55	0.831371	1.23127
30	377	313	55	0.912093	1.22417
31	378	313	55	0.757582	1.10331
32	379	313	55	0.790011	1.05184
33	380	313	55	0.767689	1.10331
34	381	313	55	0.735398	1.01275
35	382	314	55	0.705171	1.02528
36	383	314	55	0.621051	0.904924
37	384	314	55	0.585218	0.761455
38	385	315	56	0.639089	0.873283
39	386	315	56	0.584151	0.783405
40	387	315	56	0.664186	0.911795
41	388	315	56	0.559873	0.702482
42	389	315	56	0.59186	0.821322
43	390	315	55	0.707671	0.951403
44	391	315	55	0.593192	0.959708
45	392	315	55	0.684723	0.939365
46	393	315	54	0.585603	0.87305
47	394	315	54	0.665287	1.02878
48	395	315	54	0.72114	0.997471
49	396	315	53	0.738541	1.02356
50	397	315	53	0.593192	0.805372
51	398	315	53	0.441635	0
52	399	315	53	0.595078	0.731254
53	400	316	52	0.445656	0.562313
54	401	316	52	0.562081	0.746634
55	402	316	52	0.637857	0.933743
56	403	316	52	0.601703	0.809901
57	404	315	52	0.65202	0.889285
58	405	315	52	0.665635	0.906867
59	406	314	52	0.858223	1.27939
60	407	313	51	0.913125	1.54796
61	408	312	50	0.95106	1.57894

# 1.16
idx	x	y	z	r_solid	r_surf
0	408	311	50	0.915593	1.65739
1	408	310	50	1.03571	1.5791
2	408	309	50	1.11779	1.61866
3	408	308	50	1.24626	1.61072
4	408	307	50	1.52947	2.11096
5	408	306	50	1.5788	2.10319
6	408	305	50	1.54913	2.44995
7	408	304	50	1.42385	2.32259
8	408	303	50	1.34056	1.97417
9	408	302	50	1.22927	2.0241
10	408	301	50	1.1821	1.64669
11	407	300	49	0.89414	1.51516
12	406	300	49	1.30579	1.79188
13	406	299	49	1.04218	0
14	406	298	49	0.854085	1.13372
15	406	297	49	1.07406	1.40537
16	405	296	50	1.17969	1.75633
17	405	295	50	0.890295	1.64987
18	405	294	50	1.05087	1.54099
19	404	293	50	0.99221	1.36798
20	404	293	50	0	0
21	403	293	51	0.765969	1.11231
22	402	293	51	0.892679	1.03987
23	401	292	51	0.692836	0.70266
24	400	291	51	0.328	0.328
25	400	290	51	0.568927	0.246
26	400	289	51	0.57396	0.329
27	400	288	51	0.721923	0.721923
28	401	287	50	0.900224	1.03551
29	401	286	50	0.633239	0.789908
30	401	285	50	0.572886	0.64178
31	401	284	51	0.67218	0.918241
32	401	283	51	0.674382	0.974679
33	400	282	51	0.812126	1.21639
34	399	281	51	1.05858	1.50055
35	399	280	51	1.05911	1.51775
36	398	279	51	1.13285	1.81146
37	397	278	51	1.45098	1.98428
38	397	277	51	1.27721	1.9237
39	397	276	51	1.14616	1.86582
40	397	275	51	1.13184	1.60996
41	396	274	51	1.41834	2.13801
42	396	273	51	1.07497	1.61225
43	395	272	51	1.37133	2.04859
44	395	271	51	1.0265	1.49132
45	394	270	51	1.04781	1.74332
46	393	269	51	1.36256	2.01515
47	393	268	51	0.830005	1.48694
48	393	267	51	0.902529	1.27746
49	392	266	52	1.29944	1.92142
50	392	265	52	0.849294	1.20444
51	391	264	52	0.989145	1.5831
52	390	263	52	1.05929	1.82331
53	389	262	53	1.44877	2.16468
54	389	261	53	0.752845	1.11466
55	388	260	53	1.22779	1.76692
56	388	259	53	0.654672	0.909765
57	387	258	53	0.754892	1.03615
58	386	257	53	1.72985	1.82889
59	386	256	53	1.72839	1.27371
60	387	255	53	0.539361	0.539361
61	386	254	53	0.386431	0.386431
62	386	253	53	0.447452	0.447452
63	385	252	54	2.68299	2.65738
64	385	251	54	8.73507	8.30815

# 2.16
idx	x	y	z	r_solid	r_surf
0	409	312	50	0.88936	1.53162
1	410	313	50	1.04131	1.54515
2	411	313	50	0.849224	0
3	412	313	50	1.49605	2.12789
4	413	314	50	1.07713	1.48417
5	414	314	50	0.865903	1.28316
6	415	314	50	1.04171	1.58603
7	416	314	50	1.47709	1.9119
8	417	314	50	1.20232	1.68371
9	418	314	50	1.14871	1.47581
10	419	315	49	0.886272	1.31634
11	420	315	49	0.871321	1.06677
12	421	315	49	1.01976	1.31236
13	422	315	49	0.984862	1.52356
14	423	315	49	0.930369	1.35369
15	424	316	48	0.878659	1.31381
16	425	316	48	0.907247	1.5959
17	426	315	48	1.01232	1.56932
18	427	315	48	0.984704	1.3986
19	428	315	47	1.07528	1.58572
20	429	315	47	0.928525	1.56628
21	430	315	47	1.06176	1.64927
22	431	316	47	1.04413	1.4549
23	432	316	47	1.016	1.3386
24	433	316	46	1.089	1.69856
25	434	316	46	0.906133	1.53242
26	435	316	46	1.04881	1.51089
27	436	315	46	1.19932	1.73988
28	437	315	46	0.943246	1.45213
29	438	314	46	1.1347	1.81943
30	439	314	45	1.07208	1.60528
31	440	314	45	0.920518	1.49222
32	441	313	45	0.98418	1.62376
33	442	312	44	0.765431	1.13961
34	443	312	44	1.03542	1.39457
35	444	311	45	0.826815	1.22255
36	445	310	45	1.11076	1.49005
37	445	309	45	0.976244	1.38925
38	446	308	45	1.27901	1.83713
39	447	307	44	1.31292	1.9813
40	448	306	44	1.39768	2.15063
41	449	305	44	1.49779	2.18903
42	450	304	44	1.45174	2.16494
43	451	303	44	1.51796	2.24298
44	452	302	44	1.48679	2.26111
45	453	301	44	1.4113	2.0394
46	453	301	44	0	0
47	454	300	44	1.29905	1.94658
48	455	299	44	1.10374	1.56297
49	455	298	44	1.01628	1.48462
50	456	297	44	0.998903	1.44444
51	457	296	45	0.72094	0.973035
52	458	296	45	0.731373	0.983005
53	459	295	45	0.732119	1.14357
54	460	295	45	0.75609	1.06045
55	461	294	45	0.80799	1.03051
56	462	293	44	0.908176	1.31438
57	463	292	44	0.93704	1.2559
58	464	291	44	1.28321	1.73521
59	465	290	43	0.987885	1.32425
60	466	290	43	1.08325	1.64871
61	467	289	43	0.994904	1.3038
62	468	289	43	1.20362	1.94399
63	469	289	44	1.28475	1.96336
64	470	289	44	1.30441	2.11752
65	471	288	44	1.31867	1.93504
66	472	288	44	1.12506	2.13354
67	473	288	44	1.42307	2.12271
68	474	287	45	1.17912	1.90085
69	475	287	45	1.06666	1.64357
70	476	286	45	1.29914	1.95523
71	477	286	45	1.13429	1.7289
72	478	285	45	1.15389	1.80942
73	479	284	45	1.1271	1.75492
74	480	283	45	1.05163	1.70764
75	481	282	45	1.06998	1.58623
76	482	282	45	1.00105	1.52209
77	483	281	45	0.956896	1.4627
78	484	280	45	1.10225	1.53555
79	485	280	45	0.976482	1.5291
80	486	279	45	1.32891	1.92977
81	487	279	45	1.03359	1.66142
82	488	279	45	0.886424	1.27625
83	489	279	45	0.716224	1.01487
84	490	278	46	0.878153	1.41312
85	491	278	46	0.753624	1.01062
86	492	277	46	1.12443	1.61704
87	492	276	46	0.779514	1.71987
88	491	275	45	0.812711	1.57986
89	491	274	45	1.16309	1.70312
90	492	273	45	0.854942	1.30883
91	493	273	45	0.638956	0.903501
92	494	272	46	0.904268	1.29625
93	495	272	46	0.977525	1.50166
94	496	272	46	0.820886	1.12158
95	497	272	46	1.1551	1.73742
96	498	271	46	0.996996	1.41783
97	499	270	46	1.01531	1.52652
98	500	270	46	0.858556	1.50421
99	501	270	46	1.04925	1.51323
100	502	269	46	0.962583	1.50331
101	503	268	46	1.14359	1.56264
102	504	268	46	1.00424	1.48204
103	505	268	46	0.901649	1.38069
104	506	268	46	0.919919	1.32124
105	507	267	47	1.05181	1.40955
106	508	267	47	0.894521	1.53354
107	509	267	47	1.03469	1.38897
108	510	266	48	0.830489	1.16728
109	510	266	48	0	0
110	511	265	49	0.67726	0.729429

# 3.16
idx	x	y	z	r_solid	r_surf
0	384	250	54	0.507197	1.06677
1	383	250	54	0.437931	0.515241
2	382	249	55	0.309	0.309
3	381	248	54	0	0
4	381	248	54	0	0
5	380	247	54	0	0
6	379	247	55	0.206	0.206
7	378	246	55	0.291328	0.291328
8	377	246	55	0	0
9	376	245	56	0	0

# 4.16
idx	x	y	z	r_solid	r_surf
0	385	249	54	0.716168	1.04082
1	386	248	55	0.698575	0.982591
2	386	247	55	1.16533	1.69065
3	387	246	55	1.13485	1.62138
4	387	246	55	0	0
5	388	245	55	1.06727	1.3857
6	389	244	55	1.10385	1.56457
7	390	243	55	0.709546	0.82774
8	391	242	55	0.633971	0.822392
9	391	241	55	1.08958	1.62524
10	392	240	56	0.628795	0.728726
11	393	240	56	0	0
12	393	240	55	0.69107	1.06875
13	393	239	55	0.647277	0.893003
14	394	238	55	0.44985	0.585751
15	395	238	55	0.59574	0.704656
16	396	238	55	0.747996	1.1482
17	397	238	55	0.616686	0.891854
18	398	238	55	0.891516	1.24758
19	399	237	55	0.456875	0.492
20	399	236	55	0.329	0.452
21	399	235	55	0.246	0.246
22	400	235	55	0.572145	0.572145
23	400	235	55	0	0
24	401	236	54	0.420547	0.329
25	402	237	54	0.616972	0.616972
26	403	237	54	0.274667	0.274667
27	404	237	54	0	0

# 0.17
idx	x	y	z	r_solid	r_surf
0	387	285	2	1.16768	1.16768
1	386	284	3	0.58653	0.587015
2	386	283	4	0.737755	0.871918
3	386	282	4	0.945201	1.33519
4	386	281	4	0.761687	0.950625
5	387	281	4	0.784832	0.838262
6	388	280	4	0.967247	1.07461
7	388	280	4	0	0
8	389	279	4	0.559992	0.559992
9	389	278	4	0	0
10	389	277	4	0	0
11	389	276	5	0.501305	0.501305
12	389	275	6	0	0
13	389	274	5	0.329	0.329
14	390	273	5	1.47187	1.47187
15	391	274	5	0	0
16	392	274	5	0.563715	0.563715
17	393	274	5	0.704374	0.952323
18	394	273	6	0.736025	0.941169
19	394	273	6	0	0
20	395	272	7	0.791577	1.07979
21	396	271	7	1.31181	1.66405
22	397	271	7	0.465927	0.483903
23	398	270	6	0.779001	0.206
24	399	269	6	0	0
25	399	268	6	0.699371	0.706831
26	399	267	6	1.03155	1.22382
27	399	266	6	0.884011	1.05372
28	399	265	6	0.608347	1.01604
29	399	264	7	0.831932	1.01484

# 1.17
idx	x	y	z	r_solid	r_surf
0	394	263	6	0.936427	1.02384
1	395	264	6	0.721711	1.20424
2	396	265	6	0.545872	0
3	397	265	6	0.471528	0
4	398	264	6	0.377908	0.641723
5	398	263	6	0.60384	1.04441

# 2.17
idx	x	y	z	r_solid	r_surf
0	399	262	7	0.973972	1.50897
1	399	261	7	0.853713	0.641723
2	399	260	7	0.765626	1.2052
3	399	259	7	0.849852	1.37317
4	400	258	7	1.27316	1.73637
5	400	257	7	1.13507	1.69424
6	399	256	7	0.862326	1.23643
7	399	255	7	0.759765	1.15468
8	399	254	7	0.544379	0.734166
9	400	253	6	0.667889	0.700414
10	401	252	7	0.575607	0.68846
11	402	252	7	1.38025	1.4265
12	403	251	7	0.907457	1.128
13	404	250	7	0.839037	0.936428
14	405	249	7	0.443542	0.443542
15	406	248	6	0.329	0.412
16	407	248	6	0.421489	0.421489
17	407	247	6	1.05896	1.20773
18	406	247	6	0.329	0.329
19	406	247	6	0	0
20	405	246	6	0.602334	0.602334
21	405	245	7	0.648872	0.648872
22	405	244	7	0.53449	0.53449
23	405	243	7	0.441635	0.515241
24	405	242	7	0.478689	0.546861
25	406	241	7	0.795234	1.16234
26	407	240	7	1.07134	1.68024
27	408	239	7	1.07877	1.30831
28	409	238	8	1.19589	1.76807
29	410	237	8	1.02146	1.53852
30	411	236	8	0.955812	1.37712
31	411	235	8	0.785168	1.22199
32	411	234	8	0.99313	1.51334
33	412	233	8	0.922929	1.40243
34	412	232	8	0.79933	1.1046
35	413	231	8	0.86576	1.17445
36	413	230	7	0.699371	1.00058
37	413	229	7	0.770343	0.986023
38	412	228	8	0.61595	0.895921
39	411	227	9	1.00519	1.29759
40	411	227	9	0	0
41	412	226	8	0.651043	0.771182
42	413	226	8	0.680915	1.52519
43	414	225	8	1.31794	1.89717
44	415	225	8	0.795604	1.14082
45	416	225	7	0.788125	1.10159
46	416	225	7	0	0
47	417	224	7	0.782839	1.12297
48	417	223	7	0.737359	1.19855
49	417	222	7	0.759114	1.17534
50	417	221	7	0.826734	1.18914
51	417	220	7	0.918359	1.41891
52	418	219	7	0.523995	0.662992
53	418	218	7	0.529179	0.545919
54	418	217	7	1.09153	1.09153
55	419	216	7	0.206	0.206
56	419	215	7	1.32702	1.32702
57	420	214	6	0	0
58	421	214	7	0.386431	0.386431
59	421	213	7	0.377908	0.377908
60	421	212	7	0.658165	0.658165
61	422	211	7	0	0
62	422	210	7	0.463024	0.549834
63	422	209	7	1.10105	1.25905
64	423	208	7	0.43673	0.612189
65	423	207	7	0.623254	0.806788
66	423	206	7	1.0539	1.58363
67	423	205	7	1.08886	1.55932
68	423	204	7	0.946253	1.24425
69	423	203	7	0.897434	1.38112
70	423	202	7	0.635425	0.95837
71	424	201	7	0.597364	0.797007
72	424	200	7	0.576443	0.869236
73	424	199	7	0.441635	0.641723
74	424	198	7	0.536584	0.624802
75	425	197	6	0.436315	0.436315
76	424	196	7	0.366431	0.488574
77	424	195	7	0.441635	0.441635
78	424	194	7	0.520994	0.520994
79	425	193	7	0.46063	0.46063
80	426	192	6	0.628052	0.628052
81	427	191	6	0.867236	0.91168
82	428	191	6	0.638257	0.679395
83	429	190	6	0.607155	0.769601
84	430	189	6	0.512209	0.645313
85	430	188	6	0.489064	0.732861
86	430	187	6	0.778155	1.07149
87	431	186	6	0.692519	0.932881
88	432	185	5	0.601229	0.770154

# 3.17
idx	x	y	z	r_solid	r_surf
0	432	184	6	0.583625	0.843064
1	431	183	5	0.62221	1.04441
2	430	182	5	0.641442	0.918292
3	430	181	5	0.441635	0.546861
4	430	180	5	0.433241	0.519889
5	430	179	5	0.351241	0.351241
6	431	178	5	0.246	0.246
7	431	177	5	0	0

# 4.17
idx	x	y	z	r_solid	r_surf
0	433	184	6	0.539048	0.6775
1	434	183	6	0.416649	0.301333
2	435	182	5	0.545075	0.545075
3	436	181	5	0	0
4	436	180	5	0.206	0.206
5	436	179	5	0.795584	0.838204
6	435	178	5	0.349	0.465333
7	435	177	5	0.526605	0.652574
8	435	176	5	0.572791	0.735071
9	436	175	4	0.643396	0.851344
10	437	174	4	0.81614	0.968675
11	437	173	4	0.529179	0.444
12	437	172	4	0.663652	0.709248
13	438	171	4	1.02713	1.26484
14	438	170	3	0.895515	0.961175
15	438	169	3	0.661239	1.00657
16	438	168	3	0.664384	0.855751
17	439	167	4	0.646206	0.830748
18	440	167	4	0.706018	1.00791
19	441	167	3	0.698057	1.044
20	442	167	3	0.89451	1.2823
21	443	166	3	0.727161	0.892423
22	444	165	3	0.71597	0.706645
23	445	164	3	0.781202	0.781202
24	444	163	3	0.508076	0.508076
25	445	162	2	0.55854	0.55854
26	445	162	1	0.485095	0.499714
27	446	161	0	0.414657	0.401766
28	447	160	1	0.460574	0.604292
29	448	160	1	0.634782	0.972788
30	449	160	1	0.990625	1.39124
31	450	160	0	0.713458	1.09534
32	451	160	0	0.840111	1.23353
33	452	159	0	0.785085	1.21554
34	453	158	0	0.621771	0.775972
35	454	158	0	0.702558	1.07103
36	455	158	1	0.849815	1.13262
37	456	158	1	0.599536	0.953908
38	457	158	1	0.734973	0.919132
39	458	157	0	0.652203	1.04329
40	459	156	0	0.794382	1.11716
41	460	156	0	0.88533	1.27393
42	461	155	0	0.850804	1.10469
43	462	155	0	0.730852	0.824
44	463	155	0	0.848095	1.19144
45	464	155	0	0.820886	1.16844
46	465	155	0	0.730852	1.02238
47	466	155	0	0.587433	0.685313
48	467	154	0	0.745089	1.08025
49	468	154	0	0.587433	0.761604
50	469	153	0	0.530711	0.723084
51	470	153	0	0.470647	0.54546
52	471	152	0	0.579529	0.690706
53	472	152	0	0.515103	0.622745
54	473	152	0	0.457945	0.457945
55	474	152	0	0.484077	0.484077
56	475	151	0	0.291328	0.291328

# 0.18
idx	x	y	z	r_solid	r_surf
0	429	244	20	0.617393	0.617393
1	428	244	20	0.675368	1.12143
2	427	244	20	0.544637	0.665073
3	426	244	20	0.463513	0.641723

# 1.18
idx	x	y	z	r_solid	r_surf
0	426	208	21	0.878635	1.40363
1	426	209	21	0.816819	1.10707
2	425	210	21	1.03882	1.48604
3	425	210	21	0	0
4	424	210	21	0.696835	0
5	423	210	21	0.780919	0
6	422	211	21	0.926915	1.34714
7	421	212	22	0.709578	0.984
8	420	212	22	1.09395	1.49572
9	420	213	22	1.06698	1.59432
10	420	214	22	1.45507	2.14431
11	421	215	22	1.18402	1.72983
12	422	216	22	1.00704	1.47013
13	423	217	22	0.754448	1.25528
14	424	218	21	0.832178	1.04025
15	424	219	21	0.674669	0.897498
16	424	220	21	0.58878	0.641723
17	424	221	21	0.466646	0.566861
18	424	222	21	0.492966	0.588783
19	423	222	21	1.39483	1.76368
20	423	223	21	0.463024	0.641723
21	422	224	21	1.58459	2.23997
22	422	225	21	0.664511	0.796991
23	421	226	21	1.687	1.87785
24	421	227	21	0.94083	1.13485
25	421	228	21	1.3853	1.89774
26	422	229	21	0.647839	0.975125
27	422	230	21	0.657448	0.959708
28	422	231	21	0.87579	0.959708
29	422	232	21	0.859183	1.36644
30	422	233	21	1.01596	1.48564
31	421	234	21	1.25159	1.84114
32	421	235	21	1.15052	1.62501
33	421	235	21	0	0
34	422	236	20	0.95523	1.40382
35	423	237	20	0.921542	1.31175
36	423	238	20	0.855112	1.28626
37	423	239	20	0.940979	1.59716
38	423	240	20	0.818746	1.25935
39	424	241	20	0.960411	1.3319
40	424	242	20	0.823765	1.25566
41	425	243	20	0.791674	1.34495

# 2.18
idx	x	y	z	r_solid	r_surf
0	425	245	20	0.581133	0.648957
1	425	246	20	0.473945	0.492
2	425	247	20	0.301333	0.301333
3	426	248	19	1.15399	1.28992
4	426	249	19	0.567688	0.86181
5	426	250	19	1.01058	1.39189
6	427	251	18	0.918427	1.30036
7	427	252	18	0.887508	1.71987
8	427	253	18	0.972388	1.3768
9	427	254	17	0.813703	1.34866
10	427	255	17	0.903448	1.43875
11	428	256	17	0.792567	0.984269
12	428	257	17	0.59454	0.843064
13	428	258	16	0.589183	0.775972
14	428	259	16	0.506352	0.732861
15	428	260	16	0.767977	1.06318
16	427	260	16	0.50362	0.812861
17	426	260	16	0.961818	1.40997
18	425	261	15	0.752611	1.09945
19	425	262	15	0.914475	1.24275
20	426	262	15	0.509602	0.702159
21	427	263	15	0.571078	0.702159
22	428	264	15	0.806148	1.01854
23	428	265	15	1.07414	1.51641
24	427	266	15	1.05333	1.20986
25	426	267	14	1.28768	1.75511
26	425	267	14	0.875152	0.873298
27	424	268	14	1.01244	1.4697
28	424	269	14	0.835823	1.233
29	424	270	14	0.851593	1.33014
30	424	271	14	0.849702	1.16786
31	424	272	14	0.892478	1.14859
32	424	273	14	0.613545	0.938861
33	424	274	14	0.549496	0.659745
34	425	275	13	1.59534	2.002
35	425	276	13	1.0009	1.58004
36	425	277	13	0.999577	1.40394
37	425	278	13	1.36741	1.91812
38	425	279	13	1.43218	1.72291
39	425	280	13	1.09587	1.19563
40	425	281	13	0.749369	0.964954
41	425	282	13	0.497463	0.629861
42	426	283	13	0.861194	0.611567
43	427	284	14	1.0878	1.33709
44	428	285	13	0.901176	1.28412
45	428	286	13	0.63149	1.00349
46	428	287	13	0.93955	1.20449
47	429	287	13	0.863112	1.32728
48	430	287	13	0.613545	1.11
49	431	287	13	0.714494	1.0965
50	432	287	13	0.600722	0.879123
51	433	287	13	0.572934	0.739449
52	434	288	13	0.377908	0.377908
53	435	288	13	0.412	0.412
54	436	289	13	0	0

# 3.18
idx	x	y	z	r_solid	r_surf
0	425	207	21	0.549726	0
1	426	206	21	0.846926	1.13808
2	426	205	21	0.601703	0.937789
3	427	204	21	0.745718	1.11313
4	427	203	21	0.544166	0.783405
5	427	202	21	0.519889	0.687292
6	427	201	21	0.643337	0.848742
7	428	200	21	0.628708	0.997313
8	428	199	21	0.574052	0.747728
9	427	198	20	0.490776	0.546861
10	427	197	20	0.446574	0.566861
11	426	196	20	0.206	0.206
12	425	195	21	0.473945	0.473945
13	425	194	21	0.622193	0.622193
14	425	194	21	0	0
15	425	194	21	0	0
16	425	195	21	0	0
17	425	196	21	0.718808	0.718808
18	426	197	20	0.888163	1.0658
19	427	197	20	0	0
20	428	197	20	0.517416	1.06677
21	429	197	20	0.668813	0.853142
22	429	196	20	0.407545	0.566861
23	429	195	20	0.486238	0.626358
24	429	194	20	0.432	0.432
25	429	193	20	0.351241	0.351241
26	428	192	20	0.614756	0.614756
27	427	192	20	0.206	0.206
28	427	192	20	0	0
29	426	191	21	0.576	0.576

# 4.18
idx	x	y	z	r_solid	r_surf
0	424	206	21	0.702888	0
1	423	205	21	0.930626	1.31279
2	423	204	20	0.655547	0.852443
3	423	204	20	0	0
4	422	204	21	1.07486	1.39067
5	422	204	22	0.982665	1.41484
6	421	204	23	0.987539	0.846434

# 0.19
idx	x	y	z	r_solid	r_surf
0	389	39	37	0.206	0.206
1	390	39	38	0	0
2	391	39	38	0	0
3	391	38	37	0.617787	0.617787
4	391	37	37	0.606358	0.606358
5	390	36	37	0.291328	0.291328
6	391	35	37	0.567486	0.567486
7	392	35	37	0.722793	0.995286
8	393	34	36	0.7911	1.10193
9	394	34	36	0.858536	1.31404
10	395	33	36	0.811201	1.17086
11	396	33	36	0.807843	1.12781
12	397	32	35	0.78383	1.16805
13	398	31	35	0.935029	1.31368
14	399	31	35	0.874061	1.24723
15	400	30	35	0.777771	1.03641
16	401	29	35	0.7166	1.09237
17	402	29	35	0.819216	1.18246
18	403	28	35	0.786013	1.14295
19	404	28	35	0.818341	1.10213
20	405	27	35	0.849562	1.10767
21	406	26	35	0.824757	1.09446
22	407	25	35	0.658238	0.873298
23	408	25	35	0.762168	1.04369
24	409	24	34	0.855645	1.21031
25	410	24	33	0.760598	0.965299
26	411	24	33	0.711226	1.06188
27	412	23	33	0.854931	1.22581
28	413	23	33	0.796108	1.19627
29	414	22	33	0.851961	1.29879
30	415	22	33	0.798845	1.27134
31	416	21	33	0.843661	1.16896
32	417	20	32	0.853828	1.08343
33	418	20	32	0.746353	1.28345
34	419	20	32	0.816834	1.18673
35	420	20	32	0.751421	1.09411
36	421	19	31	0.662464	0.852108
37	422	19	31	0.684519	0.899882
38	423	19	32	0.683694	0.970418
39	424	19	32	0.597765	0.854247
40	425	18	32	0.770562	1.11945
41	426	18	32	0.843385	1.18168
42	427	17	32	0.918241	1.34132
43	428	16	32	0.808527	1.25839
44	429	15	32	0.779539	1.08574
45	430	15	31	0.931702	1.37432
46	431	15	31	0.780375	1.14502
47	432	15	31	0.66513	0.947675
48	433	15	30	0.612352	0.820903
49	433	15	30	0	0
50	434	14	30	0.485095	0.582114
51	434	14	31	0.400219	0.412
52	434	14	32	0.465583	0.501305
53	435	13	33	0.301333	0.206
54	436	12	32	0.446574	0.386431
55	437	12	32	0.409676	0.366431
56	438	12	31	0.657581	0.810539
57	439	11	31	0.568964	0.649622
58	439	11	31	0	0
59	440	10	30	0.830779	0.830779
60	441	9	31	0.349	0.349
61	442	9	31	0.55213	0.690861
62	443	9	31	1.08095	1.41981

# 1.19
idx	x	y	z	r_solid	r_surf
0	441	4	32	0	0
1	441	5	32	0	0
2	442	6	32	0.445927	0.274667
3	443	7	31	0.549562	0.620328
4	444	8	31	0.51195	0

# 2.19
idx	x	y	z	r_solid	r_surf
0	445	8	31	1.12722	1.56588
1	446	8	31	1.10791	1.58599
2	447	8	31	1.1782	1.96657
3	448	8	31	1.53515	2.13952
4	448	8	31	0	0
5	448	7	31	1.12042	0
6	448	6	31	1.22458	1.94203
7	449	5	31	1.31311	1.79282
8	450	5	31	1.41005	2.09493
9	451	5	31	1.32623	2.1401
10	452	5	31	1.44024	2.41504
11	453	5	31	1.61756	2.33343
12	454	4	32	1.39438	1.89304
13	455	4	32	1.64671	2.5107
14	456	4	33	1.10397	1.65528
15	457	4	34	1.18826	2.06672
16	458	4	34	1.01196	1.52266
17	459	3	34	1.16682	1.68384
18	460	3	34	0.946584	1.57986
19	461	3	34	0.920934	1.57986
20	462	3	34	0.861606	0
21	463	3	34	1.23379	1.70382
22	463	4	34	0.792967	0.984
23	463	5	34	1.24388	1.72489
24	464	5	34	0.965668	1.14502
25	465	5	34	0.63149	0.959708
26	466	5	34	1.45541	1.95927
27	467	6	35	1.00678	1.2424
28	468	7	36	1.19034	1.3533
29	469	7	36	0.705051	0.705051
30	470	8	35	0.567435	0.567435
31	471	9	36	1.27856	1.29123
32	472	10	36	1.55308	1.66414
33	473	10	36	0.902302	0.883167
34	474	10	36	0.778354	0.778293
35	475	10	36	0.619016	0.733776
36	476	11	37	0.795261	0.93204
37	477	11	37	0.366431	0.366431
38	478	12	37	0	0

# 0.2
idx	x	y	z	r_solid	r_surf
0	332	510	32	0.945043	0.967695
1	333	509	31	0.605789	0.797871
2	334	508	31	1.21954	1.5868
3	334	507	31	0.602114	0
4	334	506	31	0.695855	1.02444
5	335	505	31	0.852626	1.21087
6	336	504	30	0.962094	1.31934
7	337	503	30	0.905891	1.28035
8	338	503	30	0.865975	1.29152
9	339	503	30	0.99106	1.32331
10	340	503	30	1.10766	1.55164
11	341	503	29	1.0403	1.54812
12	341	503	29	0	0
13	342	502	29	0.732847	1.30524
14	342	501	29	0.812536	1.1325
15	343	500	28	0.524542	0.684994
16	344	500	28	0.710189	0.964691
17	344	499	28	0.708725	1.19855
18	344	498	28	0.787843	1.08438
19	345	498	27	0.653436	0.772403
20	345	498	27	0	0
21	346	497	27	0.75596	1.07857
22	347	496	27	0.711998	0.907651
23	347	495	27	0.745074	1.03065
24	347	494	27	0.947877	1.32404
25	348	493	26	0.66994	0.966524
26	349	492	26	0.895436	1.26838
27	349	491	26	1.03049	1.45042
28	349	490	27	0.996309	1.49672
29	349	489	27	1.03273	1.55598
30	350	488	27	1.05644	1.79326
31	351	487	27	1.06234	1.57456
32	352	486	26	1.19241	1.7088
33	352	485	26	1.03457	1.59732
34	352	484	26	1.13048	1.80201
35	352	483	26	1.18464	1.70742
36	353	482	25	0.979925	1.6115
37	354	481	25	1.19092	1.78329
38	354	480	25	0.935965	1.62572
39	354	479	25	1.13072	2.04093
40	355	478	25	1.07926	1.51326
41	355	477	25	0.96109	1.35169
42	354	476	24	1.17018	1.74175
43	354	475	24	0.868629	1.28345
44	354	474	24	1.0273	1.43094
45	353	473	24	1.17223	1.67877
46	353	472	24	1.25836	1.84658
47	353	471	25	1.09585	1.82662
48	353	470	25	1.09647	1.78833
49	353	469	25	1.16268	1.8168
50	353	468	25	1.13735	1.7849
51	353	467	25	1.15258	1.82137
52	353	466	24	1.37176	1.97169
53	352	466	23	1.17196	1.69872
54	352	466	22	1.21417	1.97491
55	352	465	21	1.03222	1.69872
56	352	464	21	1.67445	2.47317
57	351	464	20	1.66285	2.63177
58	350	464	19	1.74373	2.57699
59	349	465	18	1.38194	2.1487
60	349	466	17	1.56734	2.11071
61	349	467	17	1.03627	1.54293
62	350	468	17	0.997171	1.59924
63	351	469	16	1.3472	1.47249
64	352	470	15	1.61014	2.00929
65	353	471	14	1.81993	2.53579
66	352	472	13	0.918139	1.44009
67	352	472	12	0.965967	1.32175
68	353	473	11	1.78042	2.48698
69	353	474	11	0.846312	1.22527
70	353	475	10	0.845355	1.31155
71	354	476	9	0.744892	1.04183
72	355	477	8	0.641053	0.832469
73	356	477	7	0.469197	0.625908
74	357	477	7	2.03249	2.21051
75	358	478	7	0.898398	0.914106
76	358	479	6	0.569821	0.775972
77	358	480	6	0.470647	0.53802
78	359	481	6	0.407545	0.515241
79	360	481	6	0.585294	0.889401
80	361	481	6	0.83435	1.20864
81	362	480	6	0.643585	1.09399
82	363	479	6	1.50127	1.79102
83	364	479	6	1.61663	2.10631
84	364	479	6	0	0
85	364	480	5	1.14685	1.8078
86	364	481	5	0.940354	1.51516
87	364	482	4	1.20011	1.77739
88	364	483	4	1.02362	0
89	364	484	4	1.04721	1.66145
90	364	485	3	1.20124	1.65492
91	364	486	3	0.841238	1.25972
92	364	487	3	0.789989	1.19541
93	364	488	3	0.762989	1.05966
94	365	489	2	0.715423	1.01135
95	366	489	2	0.635858	0
96	367	489	2	1.22738	1.95958
97	368	490	2	1.04229	1.47819
98	369	490	2	0.69745	1.28345
99	370	490	2	1.20552	1.45379
100	371	491	1	0.929402	1.25605
101	372	492	1	0.863947	1.20018
102	373	493	1	1.04826	1.7119
103	374	493	1	0.853911	1.1093
104	374	494	1	1.00207	1.48507
105	374	495	0	0.74207	1.25829
106	374	496	0	0.926755	1.60103
107	374	497	0	3.0761	3.52023

